centroid	member
BD1a28-A-A-STR1	BD1a28-A-A-STR1
BD1a28-A-A-STR1	BD1sqn-A-A-NDR1
BD1a28-A-A-STR1	BD1sqn-B-B-NDR1
BD1a28-A-A-STR1	BD2w8y-B-B-NDR1
BD1a3i-C-C-ACY1	BD1a3i-C-C-ACY1
BD1a8b-A-A-GPE1	BD1a8b-A-A-GPE1
BD1a8s-A-A-PPI1	BD1a8s-A-A-PPI1
BD1be0-A-A-ACY1	BD1be0-A-A-ACY1
BD1c9y-A-A-NVA1	BD1c9y-A-A-NVA1
BD1cjw-A-A-COT1	BD1cjw-A-A-COT1
BD1d2m-A-A-BOG3	BD1c4o-A-A-BOG1
BD1d2m-A-A-BOG3	BD1c4o-A-A-BOG2
BD1d2m-A-A-BOG3	BD1d2m-A-A-BOG1
BD1d2m-A-A-BOG3	BD1d2m-A-A-BOG3
BD1dah-A-A-DNN1	BD1daf-A-A-DSD1
BD1dah-A-A-DNN1	BD1dag-A-A-DSD1
BD1dah-A-A-DNN1	BD1dah-A-A-DNN1
BD1dah-A-A-DNN1	BD1dai-A-A-DSD1
BD1dgm-A-A-ACY1	BD1dgm-A-A-ACY1
BD1eo4-B-B-ACY1	BD1eo4-A-A-ACY1
BD1eo4-B-B-ACY1	BD1eo4-B-B-ACY1
BD1fcz-A-A-1561	BD1fcz-A-A-1561
BD1fm4-A-A-DXC2	BD1fm4-A-A-DXC1
BD1fm4-A-A-DXC2	BD1fm4-A-A-DXC2
BD1fp1-D-D-HCC1	BD1fp1-D-D-HCC1
BD1g0c-A-A-ACY4	BD1g01-A-A-ACY1
BD1g0c-A-A-ACY4	BD1g01-A-A-ACY2
BD1g0c-A-A-ACY4	BD1g01-A-A-ACY5
BD1g0c-A-A-ACY4	BD1g0c-A-A-ACY1
BD1g0c-A-A-ACY4	BD1g0c-A-A-ACY2
BD1g0c-A-A-ACY4	BD1g0c-A-A-ACY3
BD1g0c-A-A-ACY4	BD1g0c-A-A-ACY4
BD1g8f-A-A-ACY9	BD1g8f-A-A-ACY1
BD1g8f-A-A-ACY9	BD1g8f-A-A-ACY10
BD1g8f-A-A-ACY9	BD1g8f-A-A-ACY2
BD1g8f-A-A-ACY9	BD1g8f-A-A-ACY3
BD1g8f-A-A-ACY9	BD1g8f-A-A-ACY4
BD1g8f-A-A-ACY9	BD1g8f-A-A-ACY5
BD1g8f-A-A-ACY9	BD1g8f-A-A-ACY6
BD1g8f-A-A-ACY9	BD1g8f-A-A-ACY7
BD1g8f-A-A-ACY9	BD1g8f-A-A-ACY8
BD1g8f-A-A-ACY9	BD1g8f-A-A-ACY9
BD1ghe-B-B-ACO1	BD1ghe-B-B-ACO1
BD1gof-A-A-ACY2	BD1gof-A-A-ACY1
BD1gof-A-A-ACY2	BD1gof-A-A-ACY2
BD1gp6-A-A-SIN1	BD1gp6-A-A-DH21
BD1gp6-A-A-SIN1	BD1gp6-A-A-QUE1
BD1gp6-A-A-SIN1	BD1gp6-A-A-SIN1
BD1gt3-B-B-3OM1	BD1gt3-B-B-3OM1
BD1h1m-D-D-KMP1	BD1h1i-D-D-QUE1
BD1h1m-D-D-KMP1	BD1h1m-C-C-KMP1
BD1h1m-D-D-KMP1	BD1h1m-D-D-KMP1
BD1h2b-B-B-OCA1	BD1h2b-A-A-OCA1
BD1h2b-B-B-OCA1	BD1h2b-B-B-OCA1
BD1h61-A-A-PDN1	BD1h61-A-A-PDN1
BD1h61-A-A-PDN1	BD2aba-A-A-STR1
BD1h6h-A-A-PIB1	BD1h6h-A-A-PIB1
BD1hf6-A-A-ACY1	BD1hf6-A-A-ACY1
BD1hm9-B-B-UD11	BD1g97-A-A-UD11
BD1hm9-B-B-UD11	BD1hm9-A-A-ACO1
BD1hm9-B-B-UD11	BD1hm9-A-A-UD11
BD1hm9-B-B-UD11	BD1hm9-B-B-ACO1
BD1hm9-B-B-UD11	BD1hm9-B-B-UD11
BD1hm9-B-B-UD11	BD7kr9-A-A-ACO1
BD1hrn-A-A-03D1	BD1hrn-A-A-03D1
BD1i12-D-D-ACO1	BD1i12-D-D-ACO1
BD1i2a-A-A-PTL1	BD1i2a-A-A-PTL1
BD1i3n-A-A-UD11	BD1hzj-A-A-UD11
BD1i3n-A-A-UD11	BD1i3m-A-A-UD11
BD1i3n-A-A-UD11	BD1i3n-A-A-UD11
BD1i7q-C-C-PYR1	BD1i7q-A-A-PYR1
BD1i7q-C-C-PYR1	BD1i7q-C-C-PYR1
BD1icm-A-A-MYR1	BD1icm-A-A-MYR1
BD1izc-A-A-PYR1	BD1izc-A-A-PYR1
BD1j99-A-A-AND1	BD1j99-A-A-AND1
BD1jcz-A-A-ACY1	BD1jcz-A-A-ACY1
BD1jcz-A-A-ACY1	BD4qj0-A-A-WWX1
BD1jcz-A-A-ACY1	BD4qj0-D-D-WWX1
BD1jou-D-D-ACY1	BD1jou-B-B-ACY1
BD1jou-D-D-ACY1	BD1jou-D-D-ACY1
BD1jou-D-D-ACY1	BD3dd2-H-H-ACY1
BD1jou-D-D-ACY1	BD3dd2-H-H-ACY2
BD1jpn-B-B-ACY2	BD1jpn-A-A-ACY2
BD1jpn-B-B-ACY2	BD1jpn-B-B-ACY2
BD1k26-B-B-ACY3	BD1k26-A-A-ACY2
BD1k26-B-B-ACY3	BD1k26-B-B-ACY1
BD1k26-B-B-ACY3	BD1k26-B-B-ACY2
BD1k26-B-B-ACY3	BD1k26-B-B-ACY3
BD1keq-A-A-ACY1	BD1keq-A-A-ACY1
BD1kor-B-B-SIN1	BD1kor-B-B-SIN1
BD1kqw-A-A-RTL1	BD1kqw-A-A-RTL1
BD1kt7-A-A-RTL1	BD1kt4-A-A-RTL1
BD1kt7-A-A-RTL1	BD1kt5-A-A-RTL1
BD1kt7-A-A-RTL1	BD1kt6-A-A-RTL1
BD1kt7-A-A-RTL1	BD1kt7-A-A-RTL1
BD1kt7-A-A-RTL1	BD5nub-A-A-DAO1
BD1kv9-A-A-ACN1	BD1kv9-A-A-ACN1
BD1lhw-A-A-ESM1	BD1f5f-A-A-DHT1
BD1lhw-A-A-ESM1	BD1kdk-A-A-DHT1
BD1lhw-A-A-ESM1	BD1lhu-A-A-EST1
BD1lhw-A-A-ESM1	BD1lhw-A-A-ESM1
BD1lj5-A-A-ACY1	BD1lj5-A-A-ACY1
BD1ljo-A-A-ACY3	BD1ljo-A-A-ACY2
BD1ljo-A-A-ACY3	BD1ljo-A-A-ACY3
BD1lnm-A-A-DTX1	BD1lke-A-A-DOG1
BD1lnm-A-A-DTX1	BD1lnm-A-A-DTX1
BD1lri-A-A-CLR1	BD1lri-A-A-CLR1
BD1lrk-A-A-UD11	BD1lrk-A-A-UD11
BD1mmq-A-A-RRS1	BD1mmq-A-A-RRS1
BD1mx3-A-A-ACY1	BD1mx3-A-A-ACY1
BD1n2e-A-A-PAF1	BD1n2b-A-A-PAF1
BD1n2e-A-A-PAF1	BD1n2e-A-A-PAF1
BD1n2e-A-A-PAF1	BD1n2j-A-A-PAF1
BD1n2e-A-A-PAF1	BD1n2j-B-B-PAF1
BD1n2r-A-A-ACY2	BD1n2r-A-A-ACY2
BD1n55-A-A-ACY1	BD1n55-A-A-ACY1
BD1n5u-A-A-MYR4	BD1n5u-A-A-MYR4
BD1nq7-A-A-ARL1	BD1nq7-A-A-ARL1
BD1nu4-B-B-MLA6	BD1nu4-A-A-MLA1
BD1nu4-B-B-MLA6	BD1nu4-A-A-MLA4
BD1nu4-B-B-MLA6	BD1nu4-A-A-MLA5
BD1nu4-B-B-MLA6	BD1nu4-A-A-MLA6
BD1nu4-B-B-MLA6	BD1nu4-B-B-MLA1
BD1nu4-B-B-MLA6	BD1nu4-B-B-MLA2
BD1nu4-B-B-MLA6	BD1nu4-B-B-MLA4
BD1nu4-B-B-MLA6	BD1nu4-B-B-MLA6
BD1nww-A-A-HPN1	BD1nww-A-A-HPN1
BD1o4m-A-A-MLA1	BD1o4m-A-A-MLA1
BD1o8v-A-A-PLM1	BD1o8v-A-A-PLM1
BD1o9p-B-B-MLA1	BD1o9p-A-A-MLA1
BD1o9p-B-B-MLA1	BD1o9p-B-B-MLA1
BD1os1-A-A-PYR1	BD1aq2-A-A-PYR1
BD1os1-A-A-PYR1	BD1os1-A-A-PYR1
BD1osf-A-A-ACY2	BD1osf-A-A-ACY2
BD1ozn-A-A-ACY2	BD1ozn-A-A-ACY1
BD1ozn-A-A-ACY2	BD1ozn-A-A-ACY2
BD1p0h-A-A-ACO1	BD1ozp-A-A-ACO1
BD1p0h-A-A-ACO1	BD1ozp-A-A-ACO2
BD1p0h-A-A-ACO1	BD1p0h-A-A-ACO1
BD1p6o-A-A-ACY1	BD1p6o-A-A-ACY1
BD1pda-A-A-ACY1	BD1pda-A-A-ACY1
BD1pp0-D-D-ACY4	BD1pp0-B-B-ACY2
BD1pp0-D-D-ACY4	BD1pp0-D-D-ACY3
BD1pp0-D-D-ACY4	BD1pp0-D-D-ACY4
BD1pz4-A-A-PLM1	BD1pz4-A-A-PLM1
BD1q0m-F-F-ACY1	BD1q0m-C-C-ACY1
BD1q0m-F-F-ACY1	BD1q0m-D-D-ACY1
BD1q0m-F-F-ACY1	BD1q0m-F-F-ACY1
BD1qkm-A-A-GEN1	BD1qkm-A-A-GEN1
BD1qmg-A-A-DMV1	BD1qmg-A-A-DMV1
BD1qmg-A-A-DMV1	BD1qmg-C-C-DMV1
BD1r5l-A-A-VIV1	BD1oip-A-A-VIV1
BD1r5l-A-A-VIV1	BD1r5l-A-A-VIV1
BD1rx0-D-D-ACY3	BD1rx0-B-B-ACY2
BD1rx0-D-D-ACY3	BD1rx0-C-C-ACY1
BD1rx0-D-D-ACY3	BD1rx0-D-D-ACY2
BD1rx0-D-D-ACY3	BD1rx0-D-D-ACY3
BD1s0j-A-A-MUS1	BD1s0j-A-A-MUS1
BD1s1f-A-A-MLA1	BD1s1f-A-A-MLA1
BD1sdi-A-A-ACY2	BD1sdi-A-A-ACY2
BD1spj-A-A-ACY1	BD1spj-A-A-ACY1
BD1sz8-A-A-ACY1	BD1s6b-B-B-ACY1
BD1sz8-A-A-ACY1	BD1sz8-A-A-ACY1
BD1szo-G-G-CAX1	BD1szo-A-A-CAX1
BD1szo-G-G-CAX1	BD1szo-D-D-CAX1
BD1szo-G-G-CAX1	BD1szo-G-G-CAX1
BD1szo-G-G-CAX1	BD1szo-H-H-CAX1
BD1t0f-B-B-MLA1	BD1t0f-A-A-MLA1
BD1t0f-B-B-MLA1	BD1t0f-B-B-MLA1
BD1t1v-B-B-ACY1	BD1t1v-B-B-ACY1
BD1t31-A-A-OHH1	BD1t31-A-A-OHH1
BD1t32-A-A-OHH1	BD1t32-A-A-OHH1
BD1t64-B-B-TSN1	BD1t64-A-A-TSN2
BD1t64-B-B-TSN1	BD1t64-B-B-TSN1
BD1t88-A-A-CAM1	BD1dz4-A-A-CAM1
BD1t88-A-A-CAM1	BD1dz4-B-B-CAM1
BD1t88-A-A-CAM1	BD1dz6-A-A-CAM1
BD1t88-A-A-CAM1	BD1dz6-B-B-CAM1
BD1t88-A-A-CAM1	BD1dz8-B-B-CAM1
BD1t88-A-A-CAM1	BD1t86-A-A-CAM1
BD1t88-A-A-CAM1	BD1t86-B-B-CAM1
BD1t88-A-A-CAM1	BD1t87-A-A-CAM1
BD1t88-A-A-CAM1	BD1t88-A-A-CAM1
BD1t88-A-A-CAM1	BD1t88-B-B-CAM1
BD1t88-A-A-CAM1	BD1yrc-A-A-CAM1
BD1t88-A-A-CAM1	BD1yrd-A-A-CAM1
BD1t88-A-A-CAM1	BD2cpp-A-A-CAM1
BD1t88-A-A-CAM1	BD2feu-A-A-CAM1
BD1t88-A-A-CAM1	BD2feu-B-B-CAM1
BD1t88-A-A-CAM1	BD2qbl-A-A-CAM1
BD1t88-A-A-CAM1	BD2zaw-A-A-CAM1
BD1t88-A-A-CAM1	BD2zax-A-A-CAM1
BD1t88-A-A-CAM1	BD2zui-A-A-CAM1
BD1t88-A-A-CAM1	BD3fwf-A-A-CAM1
BD1t88-A-A-CAM1	BD3fwf-B-B-CAM1
BD1t88-A-A-CAM1	BD3fwg-A-A-CAM1
BD1t88-A-A-CAM1	BD3fwg-B-B-CAM1
BD1t88-A-A-CAM1	BD3l63-A-A-CAM1
BD1t88-A-A-CAM1	BD3wrh-A-A-CAM1
BD1t88-A-A-CAM1	BD3wrj-A-A-CAM1
BD1t88-A-A-CAM1	BD3wrl-A-A-CAM1
BD1t88-A-A-CAM1	BD3wrl-E-E-CAM1
BD1t88-A-A-CAM1	BD3wrm-A-A-CAM1
BD1t88-A-A-CAM1	BD4ek1-A-A-CAM1
BD1t88-A-A-CAM1	BD4ek1-B-B-CAM1
BD1t88-A-A-CAM1	BD5wk7-A-A-CAH1
BD1t88-A-A-CAM1	BD6wfl-A-A-CAH1
BD1tj9-A-A-ACY1	BD1jq9-A-A-ACY1
BD1tj9-A-A-ACY1	BD1jq9-B-B-ACY1
BD1tj9-A-A-ACY1	BD1kpm-B-B-ACY1
BD1tj9-A-A-ACY1	BD1kpm-B-B-ACY2
BD1tj9-A-A-ACY1	BD1kpm-B-B-ACY3
BD1tj9-A-A-ACY1	BD1tg1-A-A-ACY1
BD1tj9-A-A-ACY1	BD1tj9-A-A-ACY1
BD1uae-A-A-UD11	BD1uae-A-A-UD11
BD1uk6-A-A-PPI2	BD1iup-A-A-ALQ1
BD1uk6-A-A-PPI2	BD1iup-A-A-ALQ3
BD1uk6-A-A-PPI2	BD1uk6-A-A-PPI1
BD1uk6-A-A-PPI2	BD1uk6-A-A-PPI2
BD1uk6-A-A-PPI2	BD1uk7-A-A-BUA1
BD1uk6-A-A-PPI2	BD1uk8-A-A-LEA1
BD1uk6-A-A-PPI2	BD1uk8-A-A-LEA2
BD1uk6-A-A-PPI2	BD1uka-A-A-SMB1
BD1uo9-A-A-SIN1	BD1uo9-A-A-SIN1
BD1uuy-A-A-PPI1	BD1uux-A-A-PPI1
BD1uuy-A-A-PPI1	BD1uuy-A-A-PPI1
BD1v73-A-A-ACY1	BD1v73-A-A-ACY1
BD1vbu-B-B-ACY2	BD1vbr-A-A-ACY2
BD1vbu-B-B-ACY2	BD1vbr-A-A-ACY3
BD1vbu-B-B-ACY2	BD1vbr-A-A-ACY4
BD1vbu-B-B-ACY2	BD1vbr-B-B-ACY1
BD1vbu-B-B-ACY2	BD1vbu-A-A-ACY1
BD1vbu-B-B-ACY2	BD1vbu-A-A-ACY3
BD1vbu-B-B-ACY2	BD1vbu-A-A-ACY4
BD1vbu-B-B-ACY2	BD1vbu-B-B-ACY2
BD1vc4-B-B-ACY1	BD1vc4-A-A-ACY1
BD1vc4-B-B-ACY1	BD1vc4-A-A-ACY2
BD1vc4-B-B-ACY1	BD1vc4-B-B-ACY1
BD1vch-D-D-ACY1	BD1vch-A-A-ACY1
BD1vch-D-D-ACY1	BD1vch-B-B-ACY1
BD1vch-D-D-ACY1	BD1vch-C-C-ACY1
BD1vch-D-D-ACY1	BD1vch-D-D-ACY1
BD1w96-B-B-S1A1	BD1w96-A-A-S1A1
BD1w96-B-B-S1A1	BD1w96-B-B-S1A1
BD1w96-B-B-S1A1	BD1w96-C-C-S1A1
BD1wb4-B-B-ACY1	BD1wb4-A-A-ACY1
BD1wb4-B-B-ACY1	BD1wb4-B-B-ACY1
BD1wvf-A-A-ACY2	BD1wve-A-A-ACY3
BD1wvf-A-A-ACY2	BD1wvf-A-A-ACY1
BD1wvf-A-A-ACY2	BD1wvf-A-A-ACY2
BD1x09-A-A-IPE2	BD1x09-A-A-IPE2
BD1x8v-A-A-ESL2	BD1x8v-A-A-ESL2
BD1xe7-A-A-ACY1	BD1xe7-A-A-ACY1
BD1xg3-D-D-PYR1	BD1xg3-A-A-PYR1
BD1xg3-D-D-PYR1	BD1xg3-B-B-PYR1
BD1xg3-D-D-PYR1	BD1xg3-C-C-PYR1
BD1xg3-D-D-PYR1	BD1xg3-D-D-PYR1
BD1xg5-D-D-ACY1	BD1xg5-A-A-ACY1
BD1xg5-D-D-ACY1	BD1xg5-C-C-ACY1
BD1xg5-D-D-ACY1	BD1xg5-D-D-ACY1
BD1xpm-B-B-CAA1	BD1xpm-A-A-CAA1
BD1xpm-B-B-CAA1	BD1xpm-B-B-CAA1
BD1xxq-D-D-ACY1	BD1xxq-A-A-ACY1
BD1xxq-D-D-ACY1	BD1xxq-C-C-ACY1
BD1xxq-D-D-ACY1	BD1xxq-D-D-ACY1
BD1y7w-B-B-ACY1	BD1y7w-B-B-ACY1
BD1y9l-A-A-UND1	BD1y9l-A-A-UND1
BD1yb1-B-B-AOI1	BD1yb1-B-B-AOI1
BD1yjo-A-A-ACY1	BD1yjo-A-A-ACY1
BD1ylh-A-A-PYR1	BD1ylh-A-A-PYR1
BD1z10-B-B-COU1	BD1z10-A-A-COU1
BD1z10-B-B-COU1	BD1z10-B-B-COU1
BD1z10-B-B-COU1	BD1z10-C-C-COU1
BD1z10-B-B-COU1	BD1z10-D-D-COU1
BD1zkj-A-A-ACY4	BD1zkj-A-A-ACY1
BD1zkj-A-A-ACY4	BD1zkj-A-A-ACY2
BD1zkj-A-A-ACY4	BD1zkj-A-A-ACY3
BD1zkj-A-A-ACY4	BD1zkj-A-A-ACY4
BD1znk-A-A-F091	BD1znd-A-A-PE91
BD1znk-A-A-F091	BD1znk-A-A-F091
BD1znk-A-A-F091	BD1znl-A-A-DE11
BD1zoa-B-B-1401	BD1jpz-B-B-1401
BD1zoa-B-B-1401	BD1zo9-B-B-EPM1
BD1zoa-B-B-1401	BD1zoa-A-A-1401
BD1zoa-B-B-1401	BD1zoa-B-B-1401
BD1zoa-B-B-1401	BD6jlv-A-A-WAA1
BD1zoa-B-B-1401	BD6jlv-B-B-WAA1
BD1zoa-B-B-1401	BD6jmw-A-A-WAA1
BD1zoa-B-B-1401	BD6jvc-A-A-WAA1
BD1zoa-B-B-1401	BD6jzs-A-A-WAA1
BD1zoa-B-B-1401	BD7w9j-A-A-EWM1
BD1zoa-B-B-1401	BD7w9j-B-B-EWM1
BD1zps-B-B-ACY2	BD1zps-B-B-ACY1
BD1zps-B-B-ACY2	BD1zps-B-B-ACY2
BD2aa6-A-A-STR1	BD2aa6-A-A-STR1
BD2aa6-A-A-STR1	BD2aa6-B-B-STR1
BD2aa6-A-A-STR1	BD3vhv-A-A-LD11
BD2aa6-A-A-STR1	BD3wfg-A-A-WFG1
BD2aa6-A-A-STR1	BD5mwy-A-A-YNU1
BD2aac-A-A-ACY1	BD2aac-A-A-ACY1
BD2adf-A-A-ACY1	BD2adf-A-A-ACY1
BD2ag4-B-B-OLA1	BD2ag4-B-B-OLA1
BD2apx-A-A-MLA2	BD2apb-A-A-MLA1
BD2apx-A-A-MLA2	BD2apf-A-A-MLA1
BD2apx-A-A-MLA2	BD2apv-A-A-MLA1
BD2apx-A-A-MLA2	BD2apv-A-A-MLA3
BD2apx-A-A-MLA2	BD2apx-A-A-MLA1
BD2apx-A-A-MLA2	BD2apx-A-A-MLA2
BD2b00-A-A-GCH1	BD2b00-A-A-GCH1
BD2b3l-A-A-ACY1	BD2b3l-A-A-ACY1
BD2bcg-G-G-GER1	BD2bcg-G-G-GER1
BD2bjf-A-A-DXC1	BD2bjf-A-A-DXC1
BD2bk3-A-A-FOF1	BD2bk3-A-A-FOF1
BD2bk3-A-A-FOF1	BD2bk3-B-B-FOF1
BD2c05-A-A-ACY1	BD2bzz-A-A-ACY1
BD2c05-A-A-ACY1	BD2c01-X-X-ACY1
BD2c05-A-A-ACY1	BD2c05-A-A-ACY1
BD2c1z-A-A-KMP1	BD2c1z-A-A-KMP1
BD2c27-A-A-ACO1	BD2c27-A-A-ACO1
BD2c78-A-A-PUL1	BD2c78-A-A-PUL1
BD2c8m-D-D-LPA1	BD2c8m-A-A-LPA1
BD2c8m-D-D-LPA1	BD2c8m-B-B-LPA1
BD2c8m-D-D-LPA1	BD2c8m-C-C-LPA1
BD2c8m-D-D-LPA1	BD2c8m-D-D-LPA1
BD2cb9-A-A-ACY1	BD2cb9-A-A-ACY1
BD2cbo-A-A-TH22	BD2cbo-A-A-TH21
BD2cbo-A-A-TH22	BD2cbo-A-A-TH22
BD2cne-A-A-BOG1	BD1een-A-A-ACY1
BD2cne-A-A-BOG1	BD2cmb-A-A-BOG1
BD2cne-A-A-BOG1	BD2cne-A-A-BOG1
BD2cne-A-A-BOG1	BD3cwe-A-A-8251
BD2d5y-A-A-IVA1	BD2d5y-A-A-IVA1
BD2djl-B-B-SIN1	BD2djl-B-B-SIN1
BD2ds2-D-D-ACY1	BD2ds2-D-D-ACY1
BD2ea7-C-C-ACY1	BD2ea7-C-C-ACY1
BD2eiy-C-C-4MV1	BD2eiy-A-A-4MV1
BD2eiy-C-C-4MV1	BD2eiy-B-B-4MV1
BD2eiy-C-C-4MV1	BD2eiy-C-C-4MV1
BD2epo-B-B-ACY1	BD2epo-A-A-ACY1
BD2epo-B-B-ACY1	BD2epo-B-B-ACY1
BD2etb-A-A-ACY1	BD2etb-A-A-ACY1
BD2evk-A-A-ACY1	BD2evk-A-A-ACY1
BD2exv-C-C-ACY1	BD2exv-A-A-ACY1
BD2exv-C-C-ACY1	BD2exv-C-C-ACY1
BD2f8a-B-B-MLA1	BD2f8a-A-A-MLA1
BD2f8a-B-B-MLA1	BD2f8a-B-B-MLA1
BD2fgq-X-X-BOG1	BD2fgq-X-X-BOG1
BD2g50-H-H-PYR1	BD2g50-A-A-PYR1
BD2g50-H-H-PYR1	BD2g50-B-B-PYR1
BD2g50-H-H-PYR1	BD2g50-C-C-PYR1
BD2g50-H-H-PYR1	BD2g50-D-D-PYR1
BD2g50-H-H-PYR1	BD2g50-E-E-PYR1
BD2g50-H-H-PYR1	BD2g50-F-F-PYR1
BD2g50-H-H-PYR1	BD2g50-G-G-PYR1
BD2g50-H-H-PYR1	BD2g50-H-H-PYR1
BD2gkj-A-A-ACY2	BD2gke-A-A-ACY1
BD2gkj-A-A-ACY2	BD2gke-A-A-ACY3
BD2gkj-A-A-ACY2	BD2gkj-A-A-ACY1
BD2gkj-A-A-ACY2	BD2gkj-A-A-ACY2
BD2gpu-A-A-OHT1	BD2gpu-A-A-OHT1
BD2gq8-A-A-BOG1	BD2gou-A-A-BOG1
BD2gq8-A-A-BOG1	BD2gq8-A-A-BOG1
BD2h2b-A-A-ACY1	BD2h2b-A-A-ACY1
BD2h6f-B-B-ACY2	BD2h6f-B-B-ACY2
BD2h90-A-A-COU2	BD2h8z-A-A-8CM2
BD2h90-A-A-COU2	BD2h8z-A-A-8CM3
BD2h90-A-A-COU2	BD2h90-A-A-COU1
BD2h90-A-A-COU2	BD2h90-A-A-COU2
BD2h90-A-A-COU2	BD3l68-A-A-COU1
BD2h90-A-A-COU2	BD3l68-A-A-COU2
BD2h90-A-A-COU2	BD3l68-A-A-COU3
BD2hfk-A-A-E4H1	BD2hfk-A-A-E4H1
BD2hgx-B-B-ACY2	BD1kt8-A-A-ACY2
BD2hgx-B-B-ACY2	BD1kt8-A-A-ACY3
BD2hgx-B-B-ACY2	BD1kt8-B-B-ACY2
BD2hgx-B-B-ACY2	BD1kt8-B-B-ACY3
BD2hgx-B-B-ACY2	BD1kta-A-A-ACY2
BD2hgx-B-B-ACY2	BD1kta-A-A-ACY3
BD2hgx-B-B-ACY2	BD1kta-B-B-ACY1
BD2hgx-B-B-ACY2	BD1kta-B-B-ACY3
BD2hgx-B-B-ACY2	BD2a1h-B-B-ACY1
BD2hgx-B-B-ACY2	BD2hg8-A-A-ACY1
BD2hgx-B-B-ACY2	BD2hgw-A-A-ACY1
BD2hgx-B-B-ACY2	BD2hgw-A-A-ACY2
BD2hgx-B-B-ACY2	BD2hgw-A-A-ACY3
BD2hgx-B-B-ACY2	BD2hgw-A-A-ACY4
BD2hgx-B-B-ACY2	BD2hgw-A-A-ACY5
BD2hgx-B-B-ACY2	BD2hgw-A-A-ACY7
BD2hgx-B-B-ACY2	BD2hgw-A-A-ACY8
BD2hgx-B-B-ACY2	BD2hgw-B-B-ACY2
BD2hgx-B-B-ACY2	BD2hgx-B-B-ACY2
BD2hi4-A-A-BHF1	BD2hi4-A-A-BHF1
BD2hka-B-B-C3S1	BD2hka-B-B-C3S1
BD2hnx-A-A-ACY2	BD1lid-A-A-OLA1
BD2hnx-A-A-ACY2	BD2hnx-A-A-ACY1
BD2hnx-A-A-ACY2	BD2hnx-A-A-ACY2
BD2hnx-A-A-ACY2	BD4nnt-A-A-76D1
BD2hnx-A-A-ACY2	BD7fzk-A-A-MYR1
BD2hnx-A-A-ACY2	BD7g0x-A-A-MYR1
BD2hnx-A-A-ACY2	BD7g1p-A-A-MYR1
BD2hts-A-A-ACY1	BD2hts-A-A-ACY1
BD2hu9-B-B-ACY1	BD2hu9-A-A-ACY1
BD2hu9-B-B-ACY1	BD2hu9-B-B-ACY1
BD2hzl-B-B-PYR1	BD2hzl-A-A-PYR1
BD2hzl-B-B-PYR1	BD2hzl-B-B-PYR1
BD2i5n-M-M-NS51	BD2i5n-M-M-NS51
BD2ifr-A-A-ACY1	BD2ifr-A-A-ACY1
BD2igi-B-B-ACY4	BD2igi-A-A-ACY2
BD2igi-B-B-ACY4	BD2igi-A-A-ACY3
BD2igi-B-B-ACY4	BD2igi-A-A-ACY4
BD2igi-B-B-ACY4	BD2igi-B-B-ACY2
BD2igi-B-B-ACY4	BD2igi-B-B-ACY3
BD2igi-B-B-ACY4	BD2igi-B-B-ACY4
BD2ipg-B-B-FFA1	BD2ipf-A-A-FFA1
BD2ipg-B-B-FFA1	BD2ipf-B-B-FFA1
BD2ipg-B-B-FFA1	BD2ipg-A-A-FFA1
BD2ipg-B-B-FFA1	BD2ipg-B-B-FFA1
BD2j7y-A-A-E3O1	BD2j7y-A-A-E3O1
BD2j8c-L-L-HTO2	BD2j8c-L-L-HTO1
BD2j8c-L-L-HTO2	BD2j8c-L-L-HTO2
BD2jag-A-A-PLM1	BD2jaf-A-A-PLM1
BD2jag-A-A-PLM1	BD2jaf-A-A-PLM2
BD2jag-A-A-PLM1	BD2jag-A-A-PLM1
BD2ns1-A-A-BOG6	BD2ns1-A-A-BOG3
BD2ns1-A-A-BOG6	BD2ns1-A-A-BOG6
BD2od6-A-A-OHA1	BD2od6-A-A-OHA1
BD2od6-A-A-OHA1	BD2od6-C-C-OHA1
BD2og7-A-A-SIN1	BD2og5-A-A-ACY1
BD2og7-A-A-SIN1	BD2og7-A-A-SIN1
BD2olw-B-B-ACY3	BD2olw-B-B-ACY2
BD2olw-B-B-ACY3	BD2olw-B-B-ACY3
BD2p18-A-A-ACY1	BD2p18-A-A-ACY1
BD2pr5-B-B-ACY1	BD2pr5-B-B-ACY1
BD2puv-C-C-UD11	BD2poc-B-B-UD11
BD2puv-C-C-UD11	BD2poc-C-C-UD11
BD2puv-C-C-UD11	BD2put-B-B-UD11
BD2puv-C-C-UD11	BD2puv-A-A-UD11
BD2puv-C-C-UD11	BD2puv-B-B-UD11
BD2puv-C-C-UD11	BD2puv-C-C-UD11
BD2pwb-A-A-COU1	BD2pwb-A-A-COU1
BD2q3m-A-A-MLA1	BD1q44-A-A-MLA1
BD2q3m-A-A-MLA1	BD2q3m-A-A-MLA1
BD2q42-B-B-ACY1	BD1xm8-A-A-ACY1
BD2q42-B-B-ACY1	BD1xm8-B-B-ACY1
BD2q42-B-B-ACY1	BD2q42-A-A-ACY1
BD2q42-B-B-ACY1	BD2q42-B-B-ACY1
BD2qcu-A-A-BOG1	BD2qcu-A-A-BOG1
BD2qhu-A-A-OYA1	BD2qhs-A-A-OCA1
BD2qhu-A-A-OYA1	BD2qhu-A-A-OYA1
BD2qo6-A-A-CHD1	BD2qo4-A-A-CHD1
BD2qo6-A-A-CHD1	BD2qo5-A-A-CHD2
BD2qo6-A-A-CHD1	BD2qo6-A-A-CHD1
BD2rct-A-A-RTL1	BD1opb-A-A-RET1
BD2rct-A-A-RTL1	BD1opb-B-B-RET1
BD2rct-A-A-RTL1	BD1opb-C-C-RET1
BD2rct-A-A-RTL1	BD1opb-D-D-RET1
BD2rct-A-A-RTL1	BD2rct-A-A-RTL1
BD2rct-A-A-RTL1	BD4qyp-C-C-RET1
BD2rct-A-A-RTL1	BD4qzt-A-A-RTL1
BD2rct-A-A-RTL1	BD4qzu-A-A-RTL1
BD2rct-A-A-RTL1	BD6bth-A-A-ECB1
BD2rct-A-A-RTL1	BD6bth-B-B-ECB1
BD2rct-A-A-RTL1	BD6bti-A-A-E7Y1
BD2rct-A-A-RTL1	BD7jvy-A-A-VKV1
BD2rcu-A-A-BOG1	BD2rcu-A-A-BOG1
BD2rdn-A-A-1PL1	BD2rdn-A-A-1PL1
BD2uuu-D-D-PL31	BD2uuu-C-C-PL31
BD2uuu-D-D-PL31	BD2uuu-D-D-PL31
BD2v0i-A-A-UD11	BD2v0i-A-A-UD11
BD2v62-A-A-SIN1	BD2v62-A-A-SIN1
BD2v95-A-A-HCY1	BD2v95-A-A-HCY1
BD2vcv-L-L-ASD1	BD2vcv-E-E-ASD1
BD2vcv-L-L-ASD1	BD2vcv-G-G-ASD1
BD2vcv-L-L-ASD1	BD2vcv-I-I-ASD1
BD2vcv-L-L-ASD1	BD2vcv-K-K-ASD1
BD2vcv-L-L-ASD1	BD2vcv-L-L-ASD1
BD2vdf-A-A-OCT1	BD2vdf-A-A-OCT1
BD2vg0-A-A-GPP1	BD2vg0-A-A-GPP1
BD2vlq-B-B-MLA2	BD2vln-B-B-MLA2
BD2vlq-B-B-MLA2	BD2vlq-B-B-MLA2
BD2vsu-B-B-ACO1	BD2vsu-B-B-ACO1
BD2vsu-B-B-ACO1	BD2vsu-F-F-ACO1
BD2w2e-A-A-BOG5	BD2w1p-A-A-BOG1
BD2w2e-A-A-BOG5	BD2w1p-A-A-BOG2
BD2w2e-A-A-BOG5	BD2w1p-A-A-BOG3
BD2w2e-A-A-BOG5	BD2w1p-A-A-BOG4
BD2w2e-A-A-BOG5	BD2w2e-A-A-BOG1
BD2w2e-A-A-BOG5	BD2w2e-A-A-BOG2
BD2w2e-A-A-BOG5	BD2w2e-A-A-BOG3
BD2w2e-A-A-BOG5	BD2w2e-A-A-BOG5
BD2wdo-A-A-ACO1	BD2wdo-A-A-ACO1
BD2wea-A-A-PP61	BD2wea-A-A-PP61
BD2wjr-A-A-OCT4	BD2wjr-A-A-OCT1
BD2wjr-A-A-OCT4	BD2wjr-A-A-OCT2
BD2wjr-A-A-OCT4	BD2wjr-A-A-OCT3
BD2wjr-A-A-OCT4	BD2wjr-A-A-OCT4
BD2wo1-B-B-POL1	BD2wo1-B-B-POL1
BD2wsb-D-D-POL1	BD2wsb-A-A-POL1
BD2wsb-D-D-POL1	BD2wsb-D-D-POL1
BD2x32-A-A-OTP1	BD2x32-A-A-OTP1
BD2xpw-A-A-OTC1	BD2xpv-A-A-MIY1
BD2xpw-A-A-OTC1	BD2xpw-A-A-OTC1
BD2xz9-B-B-PYR1	BD2xz9-A-A-PYR1
BD2xz9-B-B-PYR1	BD2xz9-B-B-PYR1
BD2y7g-B-B-AAE1	BD2y7f-A-A-KMH1
BD2y7g-B-B-AAE1	BD2y7g-A-A-AAE1
BD2y7g-B-B-AAE1	BD2y7g-B-B-AAE1
BD2yoo-A-A-K2B1	BD2yoo-A-A-K2B1
BD2yoo-A-A-K2B1	BD2yoo-B-B-K2B1
BD2yoo-A-A-K2B1	BD2yoo-C-C-K2B1
BD2yoo-A-A-K2B1	BD2yoo-D-D-K2B1
BD2yyk-A-A-ACY3	BD2yyk-A-A-ACY1
BD2yyk-A-A-ACY3	BD2yyk-A-A-ACY2
BD2yyk-A-A-ACY3	BD2yyk-A-A-ACY3
BD2zfd-A-A-ACY1	BD2zfd-A-A-ACY1
BD2zfd-B-B-ACY1	BD2zfd-B-B-ACY1
BD2zku-D-D-ACY1	BD2zku-A-A-ACY1
BD2zku-D-D-ACY1	BD2zku-A-A-ACY2
BD2zku-D-D-ACY1	BD2zku-B-B-ACY1
BD2zku-D-D-ACY1	BD2zku-B-B-ACY2
BD2zku-D-D-ACY1	BD2zku-C-C-ACY1
BD2zku-D-D-ACY1	BD2zku-D-D-ACY1
BD2zku-D-D-ACY1	BD3fql-A-A-79Z1
BD2zku-D-D-ACY1	BD4tlr-A-A-79Z1
BD2zox-A-A-PLM2	BD2e9l-A-A-OLA1
BD2zox-A-A-PLM2	BD2e9l-A-A-PLM2
BD2zox-A-A-PLM2	BD2zox-A-A-PLM2
BD2zsi-A-A-GA41	BD2zsi-A-A-GA41
BD2ztl-D-D-3HL1	BD2ztl-A-A-3HL1
BD2ztl-D-D-3HL1	BD2ztl-B-B-3HL1
BD2ztl-D-D-3HL1	BD2ztl-C-C-3HL1
BD2ztl-D-D-3HL1	BD2ztl-D-D-3HL1
BD2zyh-A-A-R161	BD2zyh-A-A-R161
BD3a40-X-X-23R1	BD1db1-A-A-VDX1
BD3a40-X-X-23R1	BD1rjk-A-A-VDZ1
BD3a40-X-X-23R1	BD2has-A-A-C3O1
BD3a40-X-X-23R1	BD2hb7-A-A-O1C1
BD3a40-X-X-23R1	BD3a3z-X-X-2MV1
BD3a40-X-X-23R1	BD3a40-X-X-23R1
BD3a40-X-X-23R1	BD3cs6-A-A-0CO1
BD3a40-X-X-23R1	BD3m7r-A-A-VDX1
BD3a40-X-X-23R1	BD4g2i-A-A-0VQ1
BD3a40-X-X-23R1	BD5b41-A-A-YSV1
BD3a40-X-X-23R1	BD5xpn-A-A-8BO1
BD3a40-X-X-23R1	BD6k5o-A-A-D0O1
BD3a4v-B-B-PYR1	BD3a4v-A-A-PYR1
BD3a4v-B-B-PYR1	BD3a4v-B-B-PYR1
BD3a9q-X-X-ACY1	BD3a68-A-A-ACY1
BD3a9q-X-X-ACY1	BD3a68-E-E-ACY1
BD3a9q-X-X-ACY1	BD3a68-F-F-ACY1
BD3a9q-X-X-ACY1	BD3a68-G-G-ACY1
BD3a9q-X-X-ACY1	BD3a68-H-H-ACY1
BD3a9q-X-X-ACY1	BD3a68-I-I-ACY1
BD3a9q-X-X-ACY1	BD3a68-J-J-ACY1
BD3a9q-X-X-ACY1	BD3a68-L-L-ACY1
BD3a9q-X-X-ACY1	BD3a68-M-M-ACY1
BD3a9q-X-X-ACY1	BD3a68-O-O-ACY1
BD3a9q-X-X-ACY1	BD3a68-P-P-ACY1
BD3a9q-X-X-ACY1	BD3a68-Q-Q-ACY1
BD3a9q-X-X-ACY1	BD3a68-R-R-ACY1
BD3a9q-X-X-ACY1	BD3a68-T-T-ACY1
BD3a9q-X-X-ACY1	BD3a68-V-V-ACY1
BD3a9q-X-X-ACY1	BD3a68-W-W-ACY1
BD3a9q-X-X-ACY1	BD3a9q-A-A-ACY1
BD3a9q-X-X-ACY1	BD3a9q-E-E-ACY1
BD3a9q-X-X-ACY1	BD3a9q-F-F-ACY1
BD3a9q-X-X-ACY1	BD3a9q-G-G-ACY1
BD3a9q-X-X-ACY1	BD3a9q-H-H-ACY1
BD3a9q-X-X-ACY1	BD3a9q-I-I-ACY1
BD3a9q-X-X-ACY1	BD3a9q-J-J-ACY1
BD3a9q-X-X-ACY1	BD3a9q-L-L-ACY1
BD3a9q-X-X-ACY1	BD3a9q-M-M-ACY1
BD3a9q-X-X-ACY1	BD3a9q-O-O-ACY1
BD3a9q-X-X-ACY1	BD3a9q-P-P-ACY1
BD3a9q-X-X-ACY1	BD3a9q-Q-Q-ACY1
BD3a9q-X-X-ACY1	BD3a9q-R-R-ACY1
BD3a9q-X-X-ACY1	BD3a9q-S-S-ACY1
BD3a9q-X-X-ACY1	BD3a9q-T-T-ACY1
BD3a9q-X-X-ACY1	BD3a9q-V-V-ACY1
BD3a9q-X-X-ACY1	BD3a9q-W-W-ACY1
BD3a9q-X-X-ACY1	BD3a9q-X-X-ACY1
BD3aba-A-A-FLI1	BD3aba-A-A-FLI1
BD3ag6-B-B-ACY1	BD3ag6-A-A-ACY1
BD3ag6-B-B-ACY1	BD3ag6-B-B-ACY1
BD3aml-A-A-SIN2	BD3aml-A-A-SIN2
BD3atq-A-A-C141	BD3atq-A-A-C141
BD3b2k-A-A-PLM2	BD3b2h-A-A-PLM1
BD3b2k-A-A-PLM2	BD3b2k-A-A-PLM1
BD3b2k-A-A-PLM2	BD3b2k-A-A-PLM2
BD3b2k-A-A-PLM2	BD3stk-A-A-PLM1
BD3b9z-A-A-BOG2	BD3b9y-A-A-BOG1
BD3b9z-A-A-BOG2	BD3b9y-A-A-BOG2
BD3b9z-A-A-BOG2	BD3b9z-A-A-BOG1
BD3b9z-A-A-BOG2	BD3b9z-A-A-BOG2
BD3bf8-B-B-MLA1	BD3bf8-B-B-MLA1
BD3bkr-A-A-PLM1	BD3bkr-A-A-PLM1
BD3cb7-B-B-ACY1	BD3cb7-B-B-ACY1
BD3cl5-A-A-ACY1	BD3cl5-A-A-ACY1
BD3cyx-A-A-ACY1	BD2aoe-A-A-ACY1
BD3cyx-A-A-ACY1	BD2aog-A-A-ACY1
BD3cyx-A-A-ACY1	BD2aoj-A-A-ACY4
BD3cyx-A-A-ACY1	BD2avo-B-B-ACY2
BD3cyx-A-A-ACY1	BD2avv-A-A-ACY1
BD3cyx-A-A-ACY1	BD2avv-B-B-ACY1
BD3cyx-A-A-ACY1	BD2avv-E-E-ACY1
BD3cyx-A-A-ACY1	BD2idw-A-A-ACY1
BD3cyx-A-A-ACY1	BD2nnk-A-A-ACY1
BD3cyx-A-A-ACY1	BD3cyx-A-A-ACY1
BD3cz0-A-A-9OD1	BD3cz0-A-A-9OD1
BD3cza-A-A-MLA1	BD3cza-A-A-MLA1
BD3dje-B-B-FSA1	BD3dje-A-A-FSA1
BD3dje-B-B-FSA1	BD3dje-B-B-FSA1
BD3dlt-A-A-BUA2	BD3dlt-A-A-BUA2
BD3dr8-B-B-ACO1	BD3dr8-A-A-ACO1
BD3dr8-B-B-ACO1	BD3dr8-B-B-ACO1
BD3dsk-B-B-OCT1	BD3dsi-A-A-OCT1
BD3dsk-B-B-OCT1	BD3dsi-B-B-OCT1
BD3dsk-B-B-OCT1	BD3dsj-A-A-2431
BD3dsk-B-B-OCT1	BD3dsj-A-A-OCT2
BD3dsk-B-B-OCT1	BD3dsj-A-A-OCT3
BD3dsk-B-B-OCT1	BD3dsj-B-B-OCT1
BD3dsk-B-B-OCT1	BD3dsk-A-A-OCT1
BD3dsk-B-B-OCT1	BD3dsk-A-A-T251
BD3dsk-B-B-OCT1	BD3dsk-B-B-OCT1
BD3eau-A-A-PDN2	BD3eau-A-A-PDN2
BD3ebl-A-A-GA41	BD3ebl-A-A-GA41
BD3ebl-A-A-GA41	BD3ebl-B-B-GA41
BD3ebl-A-A-GA41	BD3ebl-C-C-GA41
BD3ebl-A-A-GA41	BD3ebl-D-D-GA41
BD3ebl-A-A-GA41	BD3ebl-E-E-GA41
BD3ebl-A-A-GA41	BD3ebl-F-F-GA41
BD3ebl-A-A-GA41	BD3ed1-A-A-GA31
BD3ebl-A-A-GA41	BD3ed1-B-B-GA31
BD3ebl-A-A-GA41	BD3ed1-C-C-GA31
BD3ebl-A-A-GA41	BD3ed1-D-D-GA31
BD3ebl-A-A-GA41	BD3ed1-E-E-GA31
BD3ebl-A-A-GA41	BD3ed1-F-F-GA31
BD3ert-A-A-OHT1	BD2q70-A-A-DC81
BD3ert-A-A-OHT1	BD2qa8-B-B-GEN1
BD3ert-A-A-OHT1	BD2yja-B-B-EST1
BD3ert-A-A-OHT1	BD3ert-A-A-OHT1
BD3ert-A-A-OHT1	BD3l03-A-A-4OH1
BD3ert-A-A-OHT1	BD3l03-B-B-4OH1
BD3ert-A-A-OHT1	BD3uud-A-A-EST1
BD3ert-A-A-OHT1	BD3uud-B-B-EST1
BD3ert-A-A-OHT1	BD4zn7-B-B-DES1
BD3ert-A-A-OHT1	BD5dxe-A-A-EST1
BD3ert-A-A-OHT1	BD5kce-B-B-OB31
BD3ert-A-A-OHT1	BD6vpf-A-A-53Q1
BD3ert-A-A-OHT1	BD6vpf-D-D-53Q1
BD3ert-A-A-OHT1	BD7rs4-A-A-7I01
BD3ert-A-A-OHT1	BD7rs4-C-C-7I01
BD3ert-A-A-OHT1	BD7rs4-D-D-7I01
BD3ert-A-A-OHT1	BD7ujo-D-D-QYM1
BD3f4i-A-A-BOG2	BD2a65-A-A-BOG1
BD3f4i-A-A-BOG2	BD2q6h-A-A-BOG1
BD3f4i-A-A-BOG2	BD2q72-A-A-BOG1
BD3f4i-A-A-BOG2	BD2qb4-A-A-BOG1
BD3f4i-A-A-BOG2	BD2qei-A-A-BOG1
BD3f4i-A-A-BOG2	BD2qei-A-A-BOG2
BD3f4i-A-A-BOG2	BD2qei-A-A-BOG3
BD3f4i-A-A-BOG2	BD3f3e-A-A-BOG1
BD3f4i-A-A-BOG2	BD3f3e-A-A-BOG2
BD3f4i-A-A-BOG2	BD3f3e-A-A-BOG5
BD3f4i-A-A-BOG2	BD3f48-A-A-BOG1
BD3f4i-A-A-BOG2	BD3f48-A-A-BOG3
BD3f4i-A-A-BOG2	BD3f4i-A-A-BOG2
BD3f66-A-A-GBL3	BD3f66-A-A-GBL1
BD3f66-A-A-GBL3	BD3f66-A-A-GBL2
BD3f66-A-A-GBL3	BD3f66-A-A-GBL3
BD3f66-A-A-GBL3	BD4r1v-A-A-GBL1
BD3f66-A-A-GBL3	BD4r1v-A-A-GBL3
BD3f8p-B-B-ACY1	BD3f8d-B-B-ACY1
BD3f8p-B-B-ACY1	BD3f8p-B-B-ACY1
BD3fat-B-B-ACY3	BD3fat-B-B-ACY1
BD3fat-B-B-ACY3	BD3fat-B-B-ACY3
BD3ff7-D-D-ACY1	BD3ff7-D-D-ACY1
BD3fg3-D-D-ACY4	BD3fg1-A-A-ACY1
BD3fg3-D-D-ACY4	BD3fg1-A-A-ACY2
BD3fg3-D-D-ACY4	BD3fg1-A-A-ACY3
BD3fg3-D-D-ACY4	BD3fg1-A-A-ACY4
BD3fg3-D-D-ACY4	BD3fg1-A-A-ACY7
BD3fg3-D-D-ACY4	BD3fg1-A-A-ACY8
BD3fg3-D-D-ACY4	BD3fg1-B-B-ACY2
BD3fg3-D-D-ACY4	BD3fg1-B-B-ACY4
BD3fg3-D-D-ACY4	BD3fg1-C-C-ACY2
BD3fg3-D-D-ACY4	BD3fg1-C-C-ACY3
BD3fg3-D-D-ACY4	BD3fg1-C-C-ACY4
BD3fg3-D-D-ACY4	BD3fg1-C-C-ACY5
BD3fg3-D-D-ACY4	BD3fg1-C-C-ACY6
BD3fg3-D-D-ACY4	BD3fg1-D-D-ACY3
BD3fg3-D-D-ACY4	BD3fg1-D-D-ACY4
BD3fg3-D-D-ACY4	BD3fg3-A-A-ACY1
BD3fg3-D-D-ACY4	BD3fg3-A-A-ACY4
BD3fg3-D-D-ACY4	BD3fg3-A-A-ACY6
BD3fg3-D-D-ACY4	BD3fg3-A-A-ACY8
BD3fg3-D-D-ACY4	BD3fg3-B-B-ACY2
BD3fg3-D-D-ACY4	BD3fg3-B-B-ACY3
BD3fg3-D-D-ACY4	BD3fg3-C-C-ACY3
BD3fg3-D-D-ACY4	BD3fg3-C-C-ACY4
BD3fg3-D-D-ACY4	BD3fg3-C-C-ACY6
BD3fg3-D-D-ACY4	BD3fg3-D-D-ACY3
BD3fg3-D-D-ACY4	BD3fg3-D-D-ACY4
BD3fs8-B-B-ACO1	BD3fs8-B-B-ACO1
BD3fsy-D-D-ACY1	BD3fsy-D-D-ACY1
BD3ga5-B-B-RGG1	BD2fw0-A-A-MLA1
BD3ga5-B-B-RGG1	BD3ga5-A-A-RGG1
BD3ga5-B-B-RGG1	BD3ga5-B-B-RGG1
BD3gad-C-C-ACY2	BD3gad-C-C-ACY2
BD3gd8-A-A-BOG1	BD3gd8-A-A-BOG1
BD3gdb-A-A-ACY2	BD3gdb-A-A-ACY2
BD3gh4-A-A-ACY1	BD3gh4-A-A-ACY1
BD3gip-B-B-ACY1	BD3gip-A-A-ACY1
BD3gip-B-B-ACY1	BD3gip-B-B-ACY1
BD3gkj-A-A-HC31	BD3gkj-A-A-HC31
BD3gmq-A-A-PLM1	BD2q7y-A-A-PLM1
BD3gmq-A-A-PLM1	BD2q7y-C-C-PLM1
BD3gmq-A-A-PLM1	BD3gmo-A-A-C8F1
BD3gmq-A-A-PLM1	BD3gmp-A-A-PLM1
BD3gmq-A-A-PLM1	BD3gmq-A-A-PLM1
BD3gmq-A-A-PLM1	BD5tw2-A-A-7LP1
BD3gmq-A-A-PLM1	BD5tw2-A-A-PLM1
BD3gmq-A-A-PLM1	BD5tw5-A-A-7LM1
BD3gmq-A-A-PLM1	BD5tw5-A-A-PLM1
BD3gmq-A-A-PLM1	BD6c69-A-A-ELM1
BD3gmq-A-A-PLM1	BD6c69-A-A-PLM1
BD3gmq-A-A-PLM1	BD6c6f-A-A-ELS1
BD3gmq-A-A-PLM1	BD6c6j-A-A-J761
BD3gon-A-A-PMV1	BD3gon-A-A-PMV1
BD3guz-B-B-PAF1	BD3guz-A-A-PAF1
BD3guz-B-B-PAF1	BD3guz-A-A-PAF2
BD3guz-B-B-PAF1	BD3guz-B-B-PAF1
BD3gze-B-B-ACY1	BD3gze-B-B-ACY1
BD3h09-B-B-MLA2	BD3h09-A-A-MLA1
BD3h09-B-B-MLA2	BD3h09-A-A-MLA2
BD3h09-B-B-MLA2	BD3h09-B-B-MLA2
BD3h3j-B-B-PYR1	BD3h3j-A-A-PYR1
BD3h3j-B-B-PYR1	BD3h3j-B-B-PYR1
BD3hrq-B-B-PLM1	BD3hrq-B-B-PLM1
BD3hss-B-B-MLA2	BD3hss-A-A-MLA1
BD3hss-B-B-MLA2	BD3hss-B-B-MLA2
BD3i6i-A-A-ACY1	BD3i6i-A-A-ACY1
BD3i83-A-A-ACY1	BD3i83-A-A-ACY1
BD3iiu-M-M-PID4	BD2x1z-M-M-PID1
BD3iiu-M-M-PID4	BD2x1z-M-M-PID2
BD3iiu-M-M-PID4	BD2x1z-M-M-PID3
BD3iiu-M-M-PID4	BD2x1z-M-M-PID4
BD3iiu-M-M-PID4	BD2x20-M-M-PID2
BD3iiu-M-M-PID4	BD2x20-M-M-PID4
BD3iiu-M-M-PID4	BD2x21-M-M-PID1
BD3iiu-M-M-PID4	BD2x21-M-M-PID4
BD3iiu-M-M-PID4	BD3iis-M-M-J7Z1
BD3iiu-M-M-PID4	BD3iis-M-M-PID1
BD3iiu-M-M-PID4	BD3iis-M-M-PID2
BD3iiu-M-M-PID4	BD3iis-M-M-PID4
BD3iiu-M-M-PID4	BD3iiu-M-M-PID1
BD3iiu-M-M-PID4	BD3iiu-M-M-PID2
BD3iiu-M-M-PID4	BD3iiu-M-M-PID3
BD3iiu-M-M-PID4	BD3iiu-M-M-PID4
BD3ix3-B-B-OHN1	BD3ix3-A-A-OHN1
BD3ix3-B-B-OHN1	BD3ix3-B-B-OHN1
BD3ix3-B-B-OHN1	BD3ix4-B-B-TX11
BD3ix3-B-B-OHN1	BD3ix8-A-A-TX31
BD3ix3-B-B-OHN1	BD3ix8-B-B-TX31
BD3ix3-B-B-OHN1	BD3ix8-C-C-TX31
BD3ix3-B-B-OHN1	BD3ix8-D-D-TX31
BD3ix3-B-B-OHN1	BD6d6a-A-A-FXD1
BD3ix3-B-B-OHN1	BD6d6a-C-C-FXD1
BD3ix3-B-B-OHN1	BD6d6a-G-G-FXD1
BD3ix3-B-B-OHN1	BD6d6b-B-B-FXS1
BD3ix3-B-B-OHN1	BD6d6b-C-C-FXS1
BD3ix3-B-B-OHN1	BD6d6b-F-F-FXS1
BD3ix3-B-B-OHN1	BD6d6b-H-H-FXS1
BD3ix3-B-B-OHN1	BD6d6c-A-A-FYD1
BD3ix3-B-B-OHN1	BD6d6c-B-B-FYD1
BD3ix3-B-B-OHN1	BD6d6c-C-C-FYD1
BD3ix3-B-B-OHN1	BD6d6c-D-D-FYD1
BD3ix3-B-B-OHN1	BD6d6c-F-F-FYD1
BD3ix3-B-B-OHN1	BD6d6c-G-G-FYD1
BD3ix3-B-B-OHN1	BD6d6c-H-H-FYD1
BD3ix3-B-B-OHN1	BD6d6c-I-I-FYD1
BD3ix3-B-B-OHN1	BD6d6c-J-J-FYD1
BD3ix3-B-B-OHN1	BD6d6c-K-K-FYD1
BD3ix3-B-B-OHN1	BD6d6c-L-L-FYD1
BD3ix3-B-B-OHN1	BD6d6d-A-A-FY71
BD3ix3-B-B-OHN1	BD6d6d-B-B-FY71
BD3ix3-B-B-OHN1	BD6d6l-A-A-FY41
BD3ix3-B-B-OHN1	BD6d6l-C-C-FY41
BD3ix3-B-B-OHN1	BD6d6l-D-D-FY41
BD3ix3-B-B-OHN1	BD6d6m-A-A-TX71
BD3ix3-B-B-OHN1	BD6d6m-B-B-TX71
BD3ix3-B-B-OHN1	BD6d6m-C-C-TX71
BD3ix3-B-B-OHN1	BD6d6m-D-D-TX71
BD3ix3-B-B-OHN1	BD6d6n-A-A-FXJ1
BD3ix3-B-B-OHN1	BD6d6n-B-B-FXJ1
BD3ix3-B-B-OHN1	BD6d6n-C-C-FXJ1
BD3ix3-B-B-OHN1	BD6mvm-A-A-K4G1
BD3ix3-B-B-OHN1	BD6mvm-B-B-K4G1
BD3kfh-A-A-2EH1	BD3kfg-A-A-HTX1
BD3kfh-A-A-2EH1	BD3kfh-A-A-2EH1
BD3kgq-A-A-ACN1	BD3kgq-A-A-ACN1
BD3kl0-A-A-MLA2	BD3kl0-A-A-MLA1
BD3kl0-A-A-MLA2	BD3kl0-A-A-MLA2
BD3kns-C-C-ACY1	BD2nze-A-A-ACY1
BD3kns-C-C-ACY1	BD2nze-A-A-ACY2
BD3kns-C-C-ACY1	BD2nze-A-A-ACY3
BD3kns-C-C-ACY1	BD2nze-A-A-ACY4
BD3kns-C-C-ACY1	BD2nze-B-B-ACY1
BD3kns-C-C-ACY1	BD2nze-B-B-ACY2
BD3kns-C-C-ACY1	BD2nze-B-B-ACY3
BD3kns-C-C-ACY1	BD3knr-A-A-ACY1
BD3kns-C-C-ACY1	BD3kns-A-A-ACY1
BD3kns-C-C-ACY1	BD3kns-C-C-ACY1
BD3kq0-A-A-JIM1	BD3kq0-A-A-JIM1
BD3kro-D-D-IPE1	BD3kro-D-D-IPE1
BD3l0l-B-B-HC31	BD3l0l-A-A-HC31
BD3l0l-B-B-HC31	BD3l0l-B-B-HC31
BD3l0l-B-B-HC31	BD5ntk-A-A-99N1
BD3l0l-B-B-HC31	BD5ntk-B-B-99N1
BD3l0l-B-B-HC31	BD5ntn-A-A-98H1
BD3l0l-B-B-HC31	BD5ntn-B-B-98H1
BD3l0l-B-B-HC31	BD5ntn-C-C-98H1
BD3l0l-B-B-HC31	BD5ntn-D-D-98H1
BD3l0l-B-B-HC31	BD6j3n-A-A-B8F1
BD3l0l-B-B-HC31	BD6t4g-A-A-CLR1
BD3l0l-B-B-HC31	BD6t4i-A-A-CLR1
BD3l0l-B-B-HC31	BD6t4j-A-A-MHQ1
BD3l0l-B-B-HC31	BD6t4k-A-A-MHQ1
BD3l0l-B-B-HC31	BD6t4x-A-A-HC31
BD3l0l-B-B-HC31	BD6t4y-A-A-HC31
BD3l0l-B-B-HC31	BD6t50-A-A-HC31
BD3l0l-B-B-HC31	BD6tlq-A-A-CLR1
BD3l0l-B-B-HC31	BD7w3p-A-A-88K1
BD3l2a-A-A-ACY2	BD3l2a-A-A-ACY1
BD3l2a-A-A-ACY2	BD3l2a-A-A-ACY2
BD3l3x-A-A-DHT1	BD1t79-A-A-DHT1
BD3l3x-A-A-DHT1	BD1t7f-A-A-DHT1
BD3l3x-A-A-DHT1	BD1t7m-A-A-DHT1
BD3l3x-A-A-DHT1	BD1t7r-A-A-DHT1
BD3l3x-A-A-DHT1	BD1t7t-A-A-DHT1
BD3l3x-A-A-DHT1	BD1xow-A-A-R181
BD3l3x-A-A-DHT1	BD2am9-A-A-TES1
BD3l3x-A-A-DHT1	BD2ama-A-A-DHT1
BD3l3x-A-A-DHT1	BD2ao6-A-A-R181
BD3l3x-A-A-DHT1	BD2pip-L-L-DHT1
BD3l3x-A-A-DHT1	BD2pit-A-A-DHT1
BD3l3x-A-A-DHT1	BD2piv-A-A-DHT1
BD3l3x-A-A-DHT1	BD2q7i-A-A-TES1
BD3l3x-A-A-DHT1	BD2q7j-A-A-TES1
BD3l3x-A-A-DHT1	BD2q7k-A-A-TES1
BD3l3x-A-A-DHT1	BD2q7l-A-A-TES1
BD3l3x-A-A-DHT1	BD3l3x-A-A-DHT1
BD3l3x-A-A-DHT1	BD4oey-A-A-DHT1
BD3l3x-A-A-DHT1	BD4oez-A-A-DHT1
BD3l3x-A-A-DHT1	BD7ztv-A-A-DHT1
BD3l3x-A-A-DHT1	BD7ztx-A-A-DHT1
BD3l3x-A-A-DHT1	BD7ztz-A-A-DHT1
BD3l3x-A-A-DHT1	BD7zu1-A-A-DHT1
BD3l3x-A-A-DHT1	BD7zu2-A-A-DHT1
BD3l8e-B-B-ACY1	BD3l8e-A-A-ACY1
BD3l8e-B-B-ACY1	BD3l8e-B-B-ACY1
BD3log-C-C-SIN1	BD2g5f-A-A-PYR1
BD3log-C-C-SIN1	BD2g5f-B-B-PYR1
BD3log-C-C-SIN1	BD3log-A-A-SIN1
BD3log-C-C-SIN1	BD3log-B-B-SIN1
BD3log-C-C-SIN1	BD3log-C-C-SIN1
BD3m4a-A-A-ACY2	BD3m4a-A-A-ACY1
BD3m4a-A-A-ACY2	BD3m4a-A-A-ACY2
BD3m7e-A-A-BOG2	BD3m71-A-A-BOG1
BD3m7e-A-A-BOG2	BD3m71-A-A-BOG2
BD3m7e-A-A-BOG2	BD3m72-A-A-BOG1
BD3m7e-A-A-BOG2	BD3m72-A-A-BOG4
BD3m7e-A-A-BOG2	BD3m72-A-A-BOG5
BD3m7e-A-A-BOG2	BD3m73-A-A-BOG1
BD3m7e-A-A-BOG2	BD3m73-A-A-BOG4
BD3m7e-A-A-BOG2	BD3m74-A-A-BOG1
BD3m7e-A-A-BOG2	BD3m75-A-A-BOG1
BD3m7e-A-A-BOG2	BD3m76-A-A-BOG1
BD3m7e-A-A-BOG2	BD3m76-A-A-BOG2
BD3m7e-A-A-BOG2	BD3m77-A-A-BOG2
BD3m7e-A-A-BOG2	BD3m77-A-A-BOG3
BD3m7e-A-A-BOG2	BD3m77-A-A-BOG4
BD3m7e-A-A-BOG2	BD3m7b-A-A-BOG1
BD3m7e-A-A-BOG2	BD3m7b-A-A-BOG2
BD3m7e-A-A-BOG2	BD3m7c-A-A-BOG1
BD3m7e-A-A-BOG2	BD3m7e-A-A-BOG1
BD3m7e-A-A-BOG2	BD3m7e-A-A-BOG2
BD3mgd-B-B-ACO1	BD3mgd-B-B-ACO1
BD3mno-A-A-DEX1	BD3mno-A-A-DEX1
BD3mp8-A-A-ACY3	BD3mp8-A-A-ACY1
BD3mp8-A-A-ACY3	BD3mp8-A-A-ACY2
BD3mp8-A-A-ACY3	BD3mp8-A-A-ACY3
BD3n12-A-A-ACY1	BD3n12-A-A-ACY1
BD3n2u-A-A-D3X1	BD3n2u-A-A-D3X1
BD3nf9-A-A-ACY2	BD3nf7-A-A-ACY5
BD3nf9-A-A-ACY2	BD3nf9-A-A-ACY2
BD3nhd-A-A-ACY1	BD3nhd-A-A-ACY1
BD3nhd-A-A-ACY2	BD3nhd-A-A-ACY2
BD3nhi-A-A-EAH1	BD3nhi-A-A-EAH1
BD3noj-A-A-PYR1	BD3noj-A-A-PYR1
BD3nt1-B-B-BOG1	BD3nt1-A-A-BOG1
BD3nt1-B-B-BOG1	BD3nt1-A-A-BOG2
BD3nt1-B-B-BOG1	BD3nt1-B-B-BOG1
BD3nt1-B-B-BOG1	BD4ph9-A-A-IBP1
BD3nt1-B-B-BOG1	BD4ph9-B-B-BOG1
BD3nt1-B-B-BOG1	BD4ph9-B-B-IBP1
BD3nuv-A-A-ASD1	BD3mhe-A-A-POL1
BD3nuv-A-A-ASD1	BD3nbr-A-A-ASD1
BD3nuv-A-A-ASD1	BD3nuv-A-A-ASD1
BD3o2g-A-A-NM21	BD3o2g-A-A-NM21
BD3oll-B-B-EST1	BD3oll-A-A-EST1
BD3oll-B-B-EST1	BD3oll-B-B-EST1
BD3oob-A-A-KDH2	BD3oob-A-A-KDH2
BD3ov4-C-C-EQU1	BD3ov4-A-A-EQU1
BD3ov4-C-C-EQU1	BD3ov4-B-B-EQU1
BD3ov4-C-C-EQU1	BD3ov4-C-C-EQU1
BD3ovl-A-A-ACY1	BD3ovl-A-A-ACY1
BD3owu-D-D-EQU1	BD1cqs-A-A-EQU1
BD3owu-D-D-EQU1	BD1cqs-B-B-EQU1
BD3owu-D-D-EQU1	BD1oh0-A-A-EQU1
BD3owu-D-D-EQU1	BD1oh0-B-B-EQU1
BD3owu-D-D-EQU1	BD3fzw-A-A-EQU1
BD3owu-D-D-EQU1	BD3fzw-B-B-EQU1
BD3owu-D-D-EQU1	BD3ows-A-A-EQU1
BD3owu-D-D-EQU1	BD3owu-D-D-EQU1
BD3owu-D-D-EQU1	BD5g2g-A-A-EQU1
BD3owu-D-D-EQU1	BD5g2g-B-B-EQU1
BD3owu-D-D-EQU1	BD5kp1-A-A-EQU1
BD3owu-D-D-EQU1	BD5kp1-B-B-EQU1
BD3owu-D-D-EQU1	BD5kp1-C-C-EQU1
BD3owu-D-D-EQU1	BD5kp1-D-D-EQU1
BD3owu-D-D-EQU1	BD5kp3-A-A-EQU1
BD3owu-D-D-EQU1	BD5kp3-B-B-EQU1
BD3owu-D-D-EQU1	BD5kp4-B-B-6VW1
BD3owu-D-D-EQU1	BD6ufs-B-B-Q6J1
BD3ozy-B-B-ACY3	BD3ozy-A-A-ACY1
BD3ozy-B-B-ACY3	BD3ozy-A-A-ACY2
BD3ozy-B-B-ACY3	BD3ozy-A-A-ACY3
BD3ozy-B-B-ACY3	BD3ozy-B-B-ACY1
BD3ozy-B-B-ACY3	BD3ozy-B-B-ACY2
BD3ozy-B-B-ACY3	BD3ozy-B-B-ACY3
BD3p41-A-A-DMA2	BD3p41-A-A-DMA1
BD3p41-A-A-DMA2	BD3p41-A-A-DMA2
BD3p5z-A-A-POL1	BD3p5z-A-A-POL1
BD3pde-B-B-DMA2	BD3pde-A-A-DMA2
BD3pde-B-B-DMA2	BD3pde-B-B-DMA1
BD3pde-B-B-DMA2	BD3pde-B-B-DMA2
BD3pdw-A-A-ACY1	BD3pdw-A-A-ACY1
BD3phx-A-A-ACY1	BD3phx-A-A-ACY1
BD3pp9-B-B-ACO1	BD3pp9-B-B-ACO1
BD3ppd-A-A-ACY1	BD3ppd-A-A-ACY1
BD3ppt-A-A-PAM1	BD3pp6-B-B-PAM1
BD3ppt-A-A-PAM1	BD3pp6-C-C-PAM1
BD3ppt-A-A-PAM1	BD3ppt-A-A-PAM1
BD3q12-C-C-PAF1	BD3q12-B-B-PAF1
BD3q12-C-C-PAF1	BD3q12-C-C-PAF1
BD3q12-C-C-PAF1	BD3q12-D-D-PAF1
BD3q9w-A-A-EMO1	BD3q9w-A-A-EMO1
BD3qap-A-A-LFA28	BD3qap-A-A-BOG1
BD3qap-A-A-LFA28	BD3qap-A-A-LFA28
BD3qcd-A-A-ACY2	BD3qcd-A-A-ACY1
BD3qcd-A-A-ACY2	BD3qcd-A-A-ACY2
BD3qe3-A-A-ACY3	BD3qe3-A-A-ACY1
BD3qe3-A-A-ACY3	BD3qe3-A-A-ACY2
BD3qe3-A-A-ACY3	BD3qe3-A-A-ACY3
BD3qp2-A-A-HTF1	BD3qp1-A-A-HL61
BD3qp2-A-A-HTF1	BD3qp2-A-A-HTF1
BD3qp8-B-B-HL01	BD3qp8-B-B-HL01
BD3qss-B-B-MTG1	BD3qss-B-B-MTG1
BD3qxx-A-A-8AC1	BD3qxh-A-A-8AC1
BD3qxx-A-A-8AC1	BD3qxx-A-A-8AC1
BD3r1p-D-D-PLM1	BD3r1p-B-B-PLM1
BD3r1p-D-D-PLM1	BD3r1p-D-D-PLM1
BD3r5t-A-A-ACY1	BD3r5t-A-A-ACY1
BD3r8g-A-A-IZP1	BD1ry0-A-A-PG21
BD3r8g-A-A-IZP1	BD3r8g-A-A-IZP1
BD3r9b-A-A-D121	BD3r9b-A-A-D121
BD3rk8-B-B-PYR1	BD3rk8-A-A-PYR1
BD3rk8-B-B-PYR1	BD3rk8-B-B-PYR1
BD3s42-B-B-MLA1	BD3s42-A-A-MLA1
BD3s42-B-B-MLA1	BD3s42-B-B-MLA1
BD3s8g-A-A-OLC14	BD3s8g-A-A-OLC14
BD3sj4-X-X-DXC1	BD3sj4-X-X-DXC1
BD3sty-A-A-DKA1	BD3sty-A-A-DKA1
BD3sy1-A-A-ACY2	BD3sy1-A-A-ACY2
BD3szj-B-B-ACY2	BD3szj-B-B-ACY2
BD3t6d-C-C-HTO4	BD3t6d-C-C-HTO2
BD3t6d-C-C-HTO4	BD3t6d-C-C-HTO4
BD3t6d-L-L-HTO5	BD2i5n-L-L-UQ11
BD3t6d-L-L-HTO5	BD2wjm-L-L-MPG2
BD3t6d-L-L-HTO5	BD3t6d-L-L-HTO3
BD3t6d-L-L-HTO5	BD3t6d-L-L-HTO5
BD3t92-A-A-ACN1	BD3t92-A-A-ACN1
BD3tfg-B-B-MLA1	BD3tfe-A-A-MLA1
BD3tfg-B-B-MLA1	BD3tfg-B-B-MLA1
BD3tvq-A-A-DQH1	BD3tvq-A-A-DQH1
BD3txz-A-A-07V1	BD3txz-A-A-07V1
BD3u3n-C-C-PLM1	BD3u3n-C-C-PLM1
BD3up0-B-B-D7S1	BD3up0-A-A-D7S1
BD3up0-B-B-D7S1	BD3up0-B-B-D7S1
BD3upw-A-A-MLA3	BD3tjl-A-A-MLA1
BD3upw-A-A-MLA3	BD3tjl-A-A-MLA2
BD3upw-A-A-MLA3	BD3tjl-A-A-MLA3
BD3upw-A-A-MLA3	BD3upw-A-A-MLA3
BD3uqb-A-A-FK51	BD3uf8-A-A-FK51
BD3uqb-A-A-FK51	BD3uqa-A-A-FK51
BD3uqb-A-A-FK51	BD3uqb-A-A-FK51
BD3uzy-A-A-BDT1	BD3cmf-A-A-PDN1
BD3uzy-A-A-BDT1	BD3cmf-B-B-PDN1
BD3uzy-A-A-BDT1	BD3g1r-B-B-FIT1
BD3uzy-A-A-BDT1	BD3uzy-A-A-BDT1
BD3v0q-B-B-BHE1	BD3v0o-B-B-BHE1
BD3v0q-B-B-BHE1	BD3v0p-A-A-BHE1
BD3v0q-B-B-BHE1	BD3v0p-B-B-BHE1
BD3v0q-B-B-BHE1	BD3v0q-A-A-BHE1
BD3v0q-B-B-BHE1	BD3v0q-B-B-BHE1
BD3v0q-B-B-BHE1	BD4kc1-A-A-BHE1
BD3v0q-B-B-BHE1	BD4kc2-A-A-BHE1
BD3v0q-B-B-BHE1	BD4kc4-A-A-BHE1
BD3v0q-B-B-BHE1	BD4y62-A-A-BHE1
BD3v0q-B-B-BHE1	BD4y63-A-A-BHE1
BD3v0q-B-B-BHE1	BD4y64-A-A-BHE1
BD3v0q-B-B-BHE1	BD5c49-A-A-4YA1
BD3v0r-A-A-8AC1	BD3v0r-A-A-8AC1
BD3v1n-A-A-MLA1	BD3v1n-A-A-MLA1
BD3v5u-A-A-MYS6	BD3v5u-A-A-MYS5
BD3v5u-A-A-MYS6	BD3v5u-A-A-MYS6
BD3v5u-A-A-MYS6	BD5hya-A-A-MYS1
BD3v5u-A-A-MYS6	BD5hya-A-A-MYS5
BD3v7n-A-A-MLA1	BD3v7n-A-A-MLA1
BD3vc1-H-H-GST1	BD3vc1-E-E-GST1
BD3vc1-H-H-GST1	BD3vc1-H-H-GST1
BD3vc1-H-H-GST1	BD3vc1-J-J-GST1
BD3vcy-D-D-UD11	BD3vcy-A-A-UD11
BD3vcy-D-D-UD11	BD3vcy-B-B-UD11
BD3vcy-D-D-UD11	BD3vcy-C-C-UD11
BD3vcy-D-D-UD11	BD3vcy-D-D-UD11
BD3vm4-A-A-IZP1	BD3vm4-A-A-IZP1
BD3vpd-B-B-BUA1	BD3vpd-B-B-BUA1
BD3vt7-A-A-VDX1	BD3vt7-A-A-VDX1
BD3vt7-A-A-VDX1	BD3vtc-A-A-TK31
BD3vwd-A-A-ACO1	BD3vwd-A-A-ACO1
BD3vwv-A-A-ACY1	BD3vwv-A-A-ACY1
BD3w37-A-A-ACY1	BD3w37-A-A-ACY1
BD3wa4-A-A-ACY1	BD3wa4-A-A-ACY1
BD3we5-A-A-ACY1	BD3we5-A-A-ACY1
BD3web-A-A-OLA1	BD3web-A-A-OLA1
BD3wl4-A-A-HE21	BD3wl4-A-A-HE21
BD3ws7-A-A-ACY1	BD3ws7-A-A-ACY1
BD3wuc-B-B-MLA3	BD3wuc-A-A-MLA1
BD3wuc-B-B-MLA3	BD3wuc-B-B-MLA1
BD3wuc-B-B-MLA3	BD3wuc-B-B-MLA2
BD3wuc-B-B-MLA3	BD3wuc-B-B-MLA3
BD3wzy-A-A-IPM1	BD3vkz-A-A-IPM1
BD3wzy-A-A-IPM1	BD3vmj-A-A-IPM1
BD3wzy-A-A-IPM1	BD3vml-A-A-IPM1
BD3wzy-A-A-IPM1	BD3wzv-A-A-IPM1
BD3wzy-A-A-IPM1	BD3wzw-A-A-IPM1
BD3wzy-A-A-IPM1	BD3wzx-A-A-IPM1
BD3wzy-A-A-IPM1	BD3wzy-A-A-IPM1
BD3x1f-A-A-ACY3	BD3wi9-A-A-ACY1
BD3x1f-A-A-ACY3	BD3wni-A-A-ACY1
BD3x1f-A-A-ACY3	BD3wnj-A-A-ACY1
BD3x1f-A-A-ACY3	BD3x1f-A-A-ACY3
BD3x1f-A-A-ACY3	BD4zk8-A-A-ACY1
BD3x1f-A-A-ACY3	BD4zk8-A-A-ACY2
BD3x1f-A-A-ACY3	BD5ytl-A-A-ACY1
BD3x1f-A-A-ACY3	BD5ytm-A-A-ACY1
BD3x1f-A-A-ACY3	BD5ytm-A-A-ACY2
BD3yas-A-A-ACN1	BD1sck-A-A-ACN1
BD3yas-A-A-ACN1	BD3yas-A-A-ACN1
BD3zbw-A-A-ACY1	BD3zbw-A-A-ACY1
BD3zs3-A-A-SIN1	BD3zs3-A-A-SIN1
BD3zuo-C-C-LTB1	BD3zuo-B-B-LTB1
BD3zuo-C-C-LTB1	BD3zuo-C-C-LTB1
BD3zx3-D-D-ACY2	BD3zx2-B-B-ACY2
BD3zx3-D-D-ACY2	BD3zx2-C-C-ACY1
BD3zx3-D-D-ACY2	BD3zx2-C-C-ACY2
BD3zx3-D-D-ACY2	BD3zx2-D-D-ACY1
BD3zx3-D-D-ACY2	BD3zx2-D-D-ACY2
BD3zx3-D-D-ACY2	BD3zx3-B-B-ACY1
BD3zx3-D-D-ACY2	BD3zx3-C-C-ACY1
BD3zx3-D-D-ACY2	BD3zx3-C-C-ACY2
BD3zx3-D-D-ACY2	BD3zx3-D-D-ACY1
BD3zx3-D-D-ACY2	BD3zx3-D-D-ACY2
BD3zx4-B-B-2M81	BD3zwd-A-A-2M81
BD3zx4-B-B-2M81	BD3zwd-B-B-2M81
BD3zx4-B-B-2M81	BD3zx4-A-A-2M81
BD3zx4-B-B-2M81	BD3zx4-B-B-2M81
BD3zx4-B-B-2M81	BD3zx5-A-A-2M81
BD3zx4-B-B-2M81	BD3zx5-B-B-2M81
BD4a1y-D-D-PLM1	BD3nr3-A-A-PLM1
BD4a1y-D-D-PLM1	BD4a1y-A-A-PLM1
BD4a1y-D-D-PLM1	BD4a1y-C-C-PLM1
BD4a1y-D-D-PLM1	BD4a1y-D-D-PLM1
BD4aq4-A-A-G3P1	BD4aq4-A-A-G3P1
BD4at2-A-A-ASD1	BD4at2-A-A-ASD1
BD4b1y-B-B-LAB1	BD1qz5-A-A-KAB1
BD4b1y-B-B-LAB1	BD1qz6-A-A-JAS1
BD4b1y-B-B-LAB1	BD2aso-A-A-SPX1
BD4b1y-B-B-LAB1	BD3sjh-A-A-LAR1
BD4b1y-B-B-LAB1	BD4b1v-A-A-LAB1
BD4b1y-B-B-LAB1	BD4b1v-B-B-LAB1
BD4b1y-B-B-LAB1	BD4b1y-B-B-LAB1
BD4b1y-B-B-LAB1	BD4h03-B-B-LAR1
BD4b1y-B-B-LAB1	BD4k41-A-A-KAB1
BD4b5u-A-A-SSN1	BD4b5s-A-A-PYR1
BD4b5u-A-A-SSN1	BD4b5s-B-B-PYR1
BD4b5u-A-A-SSN1	BD4b5u-A-A-SSN1
BD4bt4-A-A-QFH1	BD4bt3-A-A-WTZ1
BD4bt4-A-A-QFH1	BD4bt4-A-A-QFH1
BD4c2o-A-A-MLA1	BD4c2o-A-A-MLA1
BD4c6z-B-B-TLE1	BD4c6z-B-B-TLE1
BD4cj6-A-A-RET1	BD4cj6-A-A-RET1
BD4clz-A-A-4DS3	BD4clz-A-A-4DS1
BD4clz-A-A-4DS3	BD4clz-A-A-4DS3
BD4cq6-B-B-T251	BD4cq6-B-B-T251
BD4csb-A-A-BOG3	BD4csb-A-A-BOG1
BD4csb-A-A-BOG3	BD4csb-A-A-BOG2
BD4csb-A-A-BOG3	BD4csb-A-A-BOG3
BD4cvc-A-A-PPI1	BD4cvb-A-A-PPI1
BD4cvc-A-A-PPI1	BD4cvc-A-A-PPI1
BD4d3v-A-A-POL1	BD4d3m-A-A-POL1
BD4d3v-A-A-POL1	BD4d3m-A-A-POL2
BD4d3v-A-A-POL1	BD4d3t-A-A-POL1
BD4d3v-A-A-POL1	BD4d3t-A-A-POL2
BD4d3v-A-A-POL1	BD4d3u-A-A-POL1
BD4d3v-A-A-POL1	BD4d3v-A-A-POL1
BD4d3v-A-A-POL1	BD4d7j-A-A-POL1
BD4d3v-A-A-POL1	BD4ug6-A-A-POL2
BD4d3v-A-A-POL1	BD4ugf-A-A-POL1
BD4d3v-A-A-POL1	BD4ugi-A-A-POL1
BD4d3v-A-A-POL1	BD4ugi-A-A-POL3
BD4d3v-A-A-POL1	BD4uqr-A-A-POL1
BD4d3v-A-A-POL1	BD5g67-A-A-POL1
BD4d3v-A-A-POL1	BD5g68-A-A-POL2
BD4d3v-A-A-POL1	BD6xk3-A-A-POL1
BD4d3v-A-A-POL1	BD6xk7-A-A-POL1
BD4d3v-A-A-POL1	BD6xmc-A-A-POL1
BD4dgn-A-A-LU21	BD4dgm-A-A-AGI1
BD4dgn-A-A-LU21	BD4dgn-A-A-LU21
BD4do4-A-A-ACY1	BD4do4-A-A-ACY1
BD4doo-A-A-DAO1	BD4doo-A-A-DAO1
BD4duk-A-A-BZS1	BD3v7z-A-A-GEM1
BD4duk-A-A-BZS1	BD4duk-A-A-BZS1
BD4euo-A-A-ABU1	BD4euo-A-A-ABU1
BD4f0v-A-A-SIN1	BD4f0v-A-A-SIN1
BD4f4d-B-B-CHD1	BD2hrc-A-A-CHD2
BD4f4d-B-B-CHD1	BD2hrc-A-A-CHD3
BD4f4d-B-B-CHD1	BD2hrc-B-B-CHD2
BD4f4d-B-B-CHD1	BD3hcn-A-A-CHD2
BD4f4d-B-B-CHD1	BD4f4d-A-A-CHD3
BD4f4d-B-B-CHD1	BD4f4d-B-B-CHD1
BD4f9d-B-B-ACY1	BD4f9d-A-A-ACY1
BD4f9d-B-B-ACY1	BD4f9d-B-B-ACY1
BD4feg-B-B-PYR2	BD2ez8-A-A-PYR1
BD4feg-B-B-PYR2	BD2ez8-B-B-PYR1
BD4feg-B-B-PYR2	BD4fee-A-A-PYR1
BD4feg-B-B-PYR2	BD4fee-A-A-PYR2
BD4feg-B-B-PYR2	BD4fee-B-B-PYR1
BD4feg-B-B-PYR2	BD4fee-B-B-PYR2
BD4feg-B-B-PYR2	BD4feg-A-A-PYR1
BD4feg-B-B-PYR2	BD4feg-A-A-PYR2
BD4feg-B-B-PYR2	BD4feg-B-B-PYR1
BD4feg-B-B-PYR2	BD4feg-B-B-PYR2
BD4fqe-A-A-OCT3	BD4fqe-A-A-OCT2
BD4fqe-A-A-OCT3	BD4fqe-A-A-OCT3
BD4fuc-A-A-SIN1	BD4fu9-A-A-SIN1
BD4fuc-A-A-SIN1	BD4fub-A-A-SIN1
BD4fuc-A-A-SIN1	BD4fuc-A-A-SIN1
BD4fyr-A-A-ACY1	BD4fyq-A-A-ACY1
BD4fyr-A-A-ACY1	BD4fyr-A-A-ACY1
BD4g24-A-A-ACA1	BD4g24-A-A-ACA1
BD4g3q-A-A-UD11	BD4g3q-A-A-UD11
BD4geo-A-A-BOG2	BD2fsl-X-X-BOG1
BD4geo-A-A-BOG2	BD2fst-X-X-BOG1
BD4geo-A-A-BOG2	BD2fst-X-X-BOG2
BD4geo-A-A-BOG2	BD2fst-X-X-BOG3
BD4geo-A-A-BOG2	BD2npq-A-A-BOG1
BD4geo-A-A-BOG2	BD2npq-A-A-BOG2
BD4geo-A-A-BOG2	BD3hv6-A-A-BOG1
BD4geo-A-A-BOG2	BD3lff-A-A-BOG1
BD4geo-A-A-BOG2	BD3oef-X-X-BOG1
BD4geo-A-A-BOG2	BD3p7b-A-A-BOG1
BD4geo-A-A-BOG2	BD4geo-A-A-BOG1
BD4geo-A-A-BOG2	BD4geo-A-A-BOG2
BD4geo-A-A-BOG2	BD5ml5-A-A-BOG2
BD4geo-A-A-BOG2	BD5ml5-A-A-BOG3
BD4geo-A-A-BOG2	BD5mtx-A-A-BOG1
BD4geo-A-A-BOG2	BD5mtx-A-A-BOG2
BD4geo-A-A-BOG2	BD5ra6-A-A-SVM1
BD4geo-A-A-BOG2	BD6hwv-A-A-BOG1
BD4gh0-A-A-MYS1	BD1swx-A-A-HEX1
BD4gh0-A-A-MYS1	BD1sx6-A-A-OCT1
BD4gh0-A-A-MYS1	BD1tfj-A-A-DKA1
BD4gh0-A-A-MYS1	BD2evt-A-A-HEX1
BD4gh0-A-A-MYS1	BD4gh0-A-A-MYS1
BD4h4e-B-B-10G1	BD3ke9-A-A-IPE1
BD4h4e-B-B-10G1	BD3ke9-B-B-IPE1
BD4h4e-B-B-10G1	BD3kef-A-A-DMA1
BD4h4e-B-B-10G1	BD3kef-B-B-DMA1
BD4h4e-B-B-10G1	BD3szl-A-A-H6P1
BD4h4e-B-B-10G1	BD3szl-B-B-H6P1
BD4h4e-B-B-10G1	BD3szo-A-A-H6P1
BD4h4e-B-B-10G1	BD3szo-B-B-H6P1
BD4h4e-B-B-10G1	BD3szu-A-A-H6P1
BD4h4e-B-B-10G1	BD3szu-B-B-H6P1
BD4h4e-B-B-10G1	BD3t0f-A-A-H6P1
BD4h4e-B-B-10G1	BD3zgl-A-A-10E1
BD4h4e-B-B-10G1	BD3zgl-B-B-10E1
BD4h4e-B-B-10G1	BD4h4d-A-A-10E1
BD4h4e-B-B-10G1	BD4h4d-B-B-10E1
BD4h4e-B-B-10G1	BD4h4e-A-A-10G1
BD4h4e-B-B-10G1	BD4h4e-B-B-10G1
BD4h8v-B-B-TEU1	BD4h8v-A-A-TEU1
BD4h8v-B-B-TEU1	BD4h8v-B-B-TEU1
BD4ha4-A-A-SIN1	BD4ha4-A-A-SIN1
BD4hg9-C-C-G3P1	BD4hg9-C-C-G3P1
BD4hwh-C-C-MLA1	BD4hwh-C-C-MLA1
BD4hzm-B-B-1BW1	BD4hzm-B-B-1BW1
BD4i35-A-A-OCT2	BD4i35-A-A-OCT2
BD4i4c-A-A-6NA1	BD4i4c-A-A-6NA1
BD4iib-B-B-ACY1	BD4iib-A-A-ACY1
BD4iib-B-B-ACY1	BD4iib-B-B-ACY1
BD4j6c-A-A-STR1	BD4j6c-A-A-STR1
BD4j6c-A-A-STR1	BD4j6c-B-B-STR1
BD4j74-A-A-I181	BD4j74-A-A-I181
BD4jvl-A-A-EST1	BD4jvl-A-A-EST1
BD4jvl-A-A-EST1	BD4jvl-B-B-EST1
BD4jyi-A-A-JYI1	BD4jyi-A-A-JYI1
BD4jzx-B-B-IPE1	BD4jzb-A-A-IPE1
BD4jzx-B-B-IPE1	BD4jzb-B-B-IPE1
BD4jzx-B-B-IPE1	BD4jzx-A-A-IPE1
BD4jzx-B-B-IPE1	BD4jzx-B-B-IPE1
BD4kct-B-B-PYR1	BD4kct-A-A-PYR1
BD4kct-B-B-PYR1	BD4kct-B-B-PYR1
BD4knn-B-B-ACY3	BD4knn-B-B-ACY3
BD4kpd-A-A-IPE1	BD4kpd-A-A-IPE1
BD4krt-B-B-MLA1	BD4krt-B-B-MLA1
BD4kvl-A-A-PLM1	BD4kvl-A-A-PLM1
BD4kwh-B-B-ACY1	BD4kwh-A-A-ACY1
BD4kwh-B-B-ACY1	BD4kwh-B-B-ACY1
BD4kx4-A-A-ACY1	BD4kx4-A-A-ACY1
BD4lay-A-A-I631	BD4lay-A-A-I631
BD4lfg-A-A-IPE2	BD4lfe-B-B-IPE1
BD4lfg-A-A-IPE2	BD4lfg-A-A-IPE1
BD4lfg-A-A-IPE2	BD4lfg-A-A-IPE2
BD4lfg-A-A-IPE2	BD4lfg-B-B-IPE1
BD4lh2-B-B-SIN1	BD4lgz-A-A-ACY1
BD4lh2-B-B-SIN1	BD4lh1-A-A-MLA1
BD4lh2-B-B-SIN1	BD4lh1-B-B-MLA1
BD4lh2-B-B-SIN1	BD4lh2-A-A-SIN1
BD4lh2-B-B-SIN1	BD4lh2-B-B-SIN1
BD4llt-A-A-IPE2	BD4lls-A-A-IPE1
BD4llt-A-A-IPE2	BD4llt-A-A-IPE2
BD4lmm-A-A-ACY1	BD4lmm-A-A-ACY1
BD4lov-A-A-KGM1	BD1uwf-A-A-DEG1
BD4lov-A-A-KGM1	BD4att-A-A-HNV1
BD4lov-A-A-KGM1	BD4av4-A-A-FVQ1
BD4lov-A-A-KGM1	BD4av5-A-A-FYZ1
BD4lov-A-A-KGM1	BD4av5-B-B-FYZ1
BD4lov-A-A-KGM1	BD4av5-C-C-FYZ1
BD4lov-A-A-KGM1	BD4av5-D-D-FYZ1
BD4lov-A-A-KGM1	BD4lov-A-A-KGM1
BD4lrt-C-C-PYR1	BD4lrs-A-A-PYR1
BD4lrt-C-C-PYR1	BD4lrt-A-A-PYR1
BD4lrt-C-C-PYR1	BD4lrt-C-C-PYR1
BD4lx9-A-A-ACO1	BD4lx9-A-A-ACO1
BD4m83-B-B-ERY1	BD2iyf-A-A-ERY1
BD4m83-B-B-ERY1	BD4m83-A-A-ERY1
BD4m83-B-B-ERY1	BD4m83-B-B-ERY1
BD4mi6-A-A-26V1	BD3ebo-A-A-57D1
BD4mi6-A-A-26V1	BD4mi6-A-A-26V1
BD4mi6-A-A-26V1	BD4mi9-A-A-26W1
BD4mlo-A-A-PAM1	BD4mlo-A-A-PAM1
BD4mlv-A-A-ACY1	BD4mlq-A-A-ACY1
BD4mlv-A-A-ACY1	BD4mlv-A-A-ACY1
BD4mxp-A-A-DB41	BD4mxp-A-A-DB41
BD4mys-B-B-PYR1	BD4mys-B-B-PYR1
BD4mzy-A-A-MLA3	BD4mzy-A-A-MLA1
BD4mzy-A-A-MLA3	BD4mzy-A-A-MLA2
BD4mzy-A-A-MLA3	BD4mzy-A-A-MLA3
BD4n6h-A-A-OLA5	BD4n6h-A-A-OLA2
BD4n6h-A-A-OLA5	BD4n6h-A-A-OLA4
BD4n6h-A-A-OLA5	BD4n6h-A-A-OLA5
BD4nhb-B-B-G3P1	BD4nhb-A-A-G3P1
BD4nhb-B-B-G3P1	BD4nhb-B-B-G3P1
BD4npm-B-B-SIN1	BD4npm-A-A-SIN1
BD4npm-B-B-SIN1	BD4npm-B-B-SIN1
BD4oba-B-B-2TW1	BD4hbm-F-F-0Y71
BD4oba-B-B-2TW1	BD4oba-B-B-2TW1
BD4occ-E-E-2TZ1	BD3w69-B-B-LTZ1
BD4occ-E-E-2TZ1	BD4oas-C-C-2SW1
BD4occ-E-E-2TZ1	BD4occ-C-C-2TZ1
BD4occ-E-E-2TZ1	BD4occ-E-E-2TZ1
BD4pdl-B-B-HEX1	BD4pdl-A-A-HEX1
BD4pdl-B-B-HEX1	BD4pdl-B-B-HEX1
BD4ply-A-A-PYR1	BD4ply-A-A-PYR1
BD4pns-C-C-32Y1	BD4bs4-A-A-A641
BD4pns-C-C-32Y1	BD4pns-A-A-32Y1
BD4pns-C-C-32Y1	BD4pns-B-B-32Y1
BD4pns-C-C-32Y1	BD4pns-C-C-32Y1
BD4pq0-A-A-MLA1	BD4pq0-A-A-MLA1
BD4psb-A-A-GA31	BD4psb-A-A-GA31
BD4pww-A-A-ACY3	BD4pww-A-A-ACY2
BD4pww-A-A-ACY3	BD4pww-A-A-ACY3
BD4px1-B-B-MLA1	BD4px1-A-A-MLA1
BD4px1-B-B-MLA1	BD4px1-B-B-MLA1
BD4q0a-C-C-4OA2	BD4q0a-C-C-4OA2
BD4q0k-A-A-GA31	BD4q0k-A-A-GA31
BD4q2m-A-A-ACY2	BD4q2l-A-A-ACY1
BD4q2m-A-A-ACY2	BD4q2l-A-A-ACY2
BD4q2m-A-A-ACY2	BD4q2m-A-A-ACY1
BD4q2m-A-A-ACY2	BD4q2m-A-A-ACY2
BD4qag-B-B-F951	BD4qag-B-B-F951
BD4qdc-A-A-ASD1	BD4qdc-A-A-ASD1
BD4qfi-B-B-ACY1	BD4qfi-A-A-ACY1
BD4qfi-B-B-ACY1	BD4qfi-B-B-ACY1
BD4qnd-A-A-MYS2	BD4qnd-A-A-MYS2
BD4qsf-A-A-BUA1	BD4qsf-A-A-BUA1
BD4qt3-A-A-RAP1	BD4qt2-A-A-RAP1
BD4qt3-A-A-RAP1	BD4qt3-A-A-RAP1
BD4qvt-F-F-ACO1	BD4qvt-D-D-ACO1
BD4qvt-F-F-ACO1	BD4qvt-E-E-ACO1
BD4qvt-F-F-ACO1	BD4qvt-F-F-ACO1
BD4r37-A-A-UD11	BD4r37-A-A-UD11
BD4r88-E-E-ACY3	BD4r88-A-A-ACY1
BD4r88-E-E-ACY3	BD4r88-A-A-ACY2
BD4r88-E-E-ACY3	BD4r88-E-E-ACY3
BD4rfr-B-B-RHN1	BD3o1v-A-A-SIN1
BD4rfr-B-B-RHN1	BD4rfr-B-B-RHN1
BD4rvb-A-A-ACY2	BD2r59-A-A-ACY1
BD4rvb-A-A-ACY2	BD3b7s-A-A-ACY1
BD4rvb-A-A-ACY2	BD3b7u-X-X-ACY1
BD4rvb-A-A-ACY2	BD3ftu-A-A-RE21
BD4rvb-A-A-ACY2	BD3ftx-A-A-RE21
BD4rvb-A-A-ACY2	BD4mkt-A-A-ACY1
BD4rvb-A-A-ACY2	BD4mkt-A-A-ACY2
BD4rvb-A-A-ACY2	BD4ms6-A-A-ACY1
BD4rvb-A-A-ACY2	BD4ms6-A-A-ACY2
BD4rvb-A-A-ACY2	BD4rsy-A-A-ACY1
BD4rvb-A-A-ACY2	BD4rvb-A-A-ACY1
BD4rvb-A-A-ACY2	BD4rvb-A-A-ACY2
BD4ryq-A-A-MPG6	BD4ryq-A-A-MPG6
BD4s39-A-A-H6P1	BD4s39-A-A-H6P1
BD4tlg-B-B-11A1	BD4tlg-A-A-11A1
BD4tlg-B-B-11A1	BD4tlg-B-B-11A1
BD4tmt-B-B-ACY1	BD4tmt-B-B-ACY1
BD4tsq-E-E-HXG1	BD4tsq-A-A-HXG1
BD4tsq-E-E-HXG1	BD4tsq-A-A-HXG2
BD4tsq-E-E-HXG1	BD4tsq-C-C-HXG1
BD4tsq-E-E-HXG1	BD4tsq-C-C-HXG2
BD4tsq-E-E-HXG1	BD4tsq-D-D-HXG2
BD4tsq-E-E-HXG1	BD4tsq-E-E-HXG1
BD4tw3-A-A-STE1	BD4kvr-A-A-6NA1
BD4tw3-A-A-STE1	BD4kvs-A-A-6NA1
BD4tw3-A-A-STE1	BD4tw3-A-A-STE1
BD4tw6-A-A-37L1	BD3o5r-A-A-FK51
BD4tw6-A-A-37L1	BD4drk-A-A-I631
BD4tw6-A-A-37L1	BD4drk-B-B-I631
BD4tw6-A-A-37L1	BD4drm-A-A-0MC1
BD4tw6-A-A-37L1	BD4drn-A-A-0MC1
BD4tw6-A-A-37L1	BD4drp-A-A-0MD1
BD4tw6-A-A-37L1	BD4tw6-A-A-37L1
BD4u82-A-A-FPS1	BD4h8e-A-A-FPP1
BD4u82-A-A-FPS1	BD4u82-A-A-FPS1
BD4uc1-C-C-OLC3	BD4uc1-C-C-OLC3
BD4ucf-C-C-POL1	BD4ucf-C-C-POL1
BD4uhf-A-A-BUA1	BD4uhf-A-A-BUA1
BD4uwc-B-B-PPI1	BD4uwc-A-A-PPI2
BD4uwc-B-B-PPI1	BD4uwc-B-B-PPI1
BD4v1g-A-A-BOG1	BD4v1g-A-A-BOG1
BD4w93-A-A-3L91	BD4gqq-A-A-0XR2
BD4w93-A-A-3L91	BD4gqq-A-A-0XR3
BD4w93-A-A-3L91	BD4w93-A-A-3L91
BD4w97-A-A-UCA1	BD4w97-A-A-UCA1
BD4wbj-B-B-SIN1	BD4wbj-B-B-SIN1
BD4wh2-A-A-ACY1	BD4wh2-A-A-ACY1
BD4wjm-A-A-MLA1	BD4wjm-A-A-MLA1
BD4wx0-B-B-HXD1	BD4wwz-A-A-3X11
BD4wx0-B-B-HXD1	BD4wwz-B-B-3X11
BD4wx0-B-B-HXD1	BD4wx0-A-A-HXD1
BD4wx0-B-B-HXD1	BD4wx0-B-B-HXD1
BD4wy2-A-A-U201	BD4wy2-A-A-U201
BD4x6x-A-A-S741	BD4x6x-A-A-S741
BD4xc1-H-H-G3P2	BD4xc1-H-H-G3P2
BD4xeq-B-B-PAF1	BD4xeq-A-A-PAF1
BD4xeq-B-B-PAF1	BD4xeq-B-B-PAF1
BD4xeq-B-B-PAF1	BD4xeq-C-C-PAF1
BD4xeq-B-B-PAF1	BD4xeq-D-D-PAF1
BD4xh4-A-A-PPI1	BD4xh4-A-A-PPI1
BD4xo7-A-A-ASD1	BD4xo7-A-A-ASD1
BD4xpl-A-A-ACO1	BD4xpl-A-A-ACO1
BD4xu6-A-A-BOG3	BD4xu6-A-A-BOG2
BD4xu6-A-A-BOG3	BD4xu6-A-A-BOG3
BD4yse-C-C-ACY2	BD4yse-B-B-ACY2
BD4yse-C-C-ACY2	BD4yse-C-C-ACY1
BD4yse-C-C-ACY2	BD4yse-C-C-ACY2
BD4z7e-B-B-PPI1	BD4z7e-A-A-PPI1
BD4z7e-B-B-PPI1	BD4z7e-A-A-PPI2
BD4z7e-B-B-PPI1	BD4z7e-B-B-PPI1
BD4z7z-A-A-ACY1	BD4xeg-A-A-ACY1
BD4z7z-A-A-ACY1	BD4xeg-A-A-ACY2
BD4z7z-A-A-ACY1	BD4z47-A-A-ACY1
BD4z7z-A-A-ACY1	BD4z7z-A-A-ACY1
BD4zbg-A-A-ACO1	BD4zbg-A-A-ACO1
BD4ze6-A-A-0111	BD4ze6-A-A-0111
BD4zsf-A-A-SIN2	BD4zsf-A-A-SIN1
BD4zsf-A-A-SIN2	BD4zsf-A-A-SIN2
BD5a7r-A-A-PPI5	BD5a7r-A-A-PPI2
BD5a7r-A-A-PPI5	BD5a7r-A-A-PPI3
BD5a7r-A-A-PPI5	BD5a7r-A-A-PPI4
BD5a7r-A-A-PPI5	BD5a7r-A-A-PPI5
BD5a89-A-A-ACY1	BD5a89-A-A-ACY1
BD5aav-A-A-GW51	BD5aav-A-A-GW51
BD5ac3-A-A-ACY5	BD5ac3-A-A-ACY1
BD5ac3-A-A-ACY5	BD5ac3-A-A-ACY2
BD5ac3-A-A-ACY5	BD5ac3-A-A-ACY3
BD5ac3-A-A-ACY5	BD5ac3-A-A-ACY4
BD5ac3-A-A-ACY5	BD5ac3-A-A-ACY5
BD5ang-A-A-WY31	BD5ang-A-A-WY31
BD5aoa-A-A-PPI1	BD5aoa-A-A-PPI1
BD5aoa-A-A-PPI1	BD5aob-A-A-BUA1
BD5aoa-A-A-PPI1	BD5aoc-A-A-LEA1
BD5ax1-A-A-R161	BD5awz-A-A-C141
BD5ax1-A-A-R161	BD5awz-A-A-D101
BD5ax1-A-A-R161	BD5awz-A-A-D102
BD5ax1-A-A-R161	BD5awz-A-A-D103
BD5ax1-A-A-R161	BD5awz-A-A-D121
BD5ax1-A-A-R161	BD5awz-A-A-D122
BD5ax1-A-A-R161	BD5awz-A-A-OCT1
BD5ax1-A-A-R161	BD5awz-A-A-OCT2
BD5ax1-A-A-R161	BD5ax0-A-A-C141
BD5ax1-A-A-R161	BD5ax0-A-A-D101
BD5ax1-A-A-R161	BD5ax0-A-A-D102
BD5ax1-A-A-R161	BD5ax0-A-A-D121
BD5ax1-A-A-R161	BD5ax0-A-A-D122
BD5ax1-A-A-R161	BD5ax0-A-A-R161
BD5ax1-A-A-R161	BD5ax1-A-A-C141
BD5ax1-A-A-R161	BD5ax1-A-A-D101
BD5ax1-A-A-R161	BD5ax1-A-A-D122
BD5ax1-A-A-R161	BD5ax1-A-A-R161
BD5azc-A-A-PGT9	BD5azb-A-A-PLM2
BD5azc-A-A-PGT9	BD5azc-A-A-PGT9
BD5azp-C-C-BOG4	BD5azp-A-A-BOG3
BD5azp-C-C-BOG4	BD5azp-C-C-BOG4
BD5b09-A-A-4MX1	BD5b09-A-A-4MX1
BD5b1u-A-A-HIW1	BD5b1u-A-A-HIW1
BD5b4a-A-A-LP51	BD5b49-A-A-LP51
BD5b4a-A-A-LP51	BD5b4a-A-A-LP51
BD5b4u-A-A-MLA1	BD3w8d-A-A-DXX1
BD5b4u-A-A-MLA1	BD3w8f-A-A-MLA1
BD5b4u-A-A-MLA1	BD5b4u-A-A-MLA1
BD5b5s-A-A-BOG1	BD5b5s-A-A-BOG1
BD5bjv-A-A-UD11	BD5bjv-A-A-UD11
BD5bk9-A-A-SIN1	BD5bk9-A-A-SIN1
BD5c2i-C-C-ACY1	BD5c2i-C-C-ACY1
BD5c81-B-B-ZFR1	BD5c7y-A-A-ZFR1
BD5c81-B-B-ZFR1	BD5c7y-B-B-ZFR1
BD5c81-B-B-ZFR1	BD5c81-A-A-ZFR1
BD5c81-B-B-ZFR1	BD5c81-B-B-ZFR1
BD5c81-B-B-ZFR1	BD5c8x-A-A-ZFR1
BD5c81-B-B-ZFR1	BD5c8x-B-B-ZFR1
BD5csd-D-D-ACD1	BD3l1n-A-A-PLM1
BD5csd-D-D-ACD1	BD5csd-C-C-ACD1
BD5csd-D-D-ACD1	BD5csd-D-D-ACD1
BD5cts-A-A-CMC1	BD1csc-A-A-CMC1
BD5cts-A-A-CMC1	BD5cts-A-A-CMC1
BD5d2k-A-A-OOG1	BD5d2j-A-A-0L11
BD5d2k-A-A-OOG1	BD5d2k-A-A-OOG1
BD5dic-A-A-PLM2	BD5dic-A-A-PLM1
BD5dic-A-A-PLM2	BD5dic-A-A-PLM2
BD5djo-B-B-ACY1	BD5djo-B-B-ACY1
BD5dlw-A-A-5D51	BD5dlt-A-A-5JK1
BD5dlw-A-A-5D51	BD5dlw-A-A-5D51
BD5dlw-A-A-5D51	BD5m0e-A-A-5JK1
BD5dlw-A-A-5D51	BD7p4j-A-A-5JK1
BD5dwn-B-B-ACO1	BD5dwn-A-A-ACO1
BD5dwn-B-B-ACO1	BD5dwn-B-B-ACO1
BD5e3q-A-A-SCA1	BD5e3q-A-A-SCA1
BD5e7x-A-A-PLM1	BD5e7x-A-A-PLM1
BD5ecm-D-D-JAA1	BD5ecm-D-D-JAA1
BD5ee8-A-A-MA42	BD1n9b-A-A-MA41
BD5ee8-A-A-MA42	BD2a3u-A-A-MA41
BD5ee8-A-A-MA42	BD2h0y-A-A-MA41
BD5ee8-A-A-MA42	BD2h5s-A-A-MA41
BD5ee8-A-A-MA42	BD2zd8-A-A-MA41
BD5ee8-A-A-MA42	BD3d4f-A-A-MA41
BD5ee8-A-A-MA42	BD3mke-A-A-MA41
BD5ee8-A-A-MA42	BD4fh4-A-A-MA41
BD5ee8-A-A-MA42	BD4fh4-A-A-MA42
BD5ee8-A-A-MA42	BD4gd8-A-A-MA41
BD5ee8-A-A-MA42	BD4gdb-A-A-MA41
BD5ee8-A-A-MA42	BD4mbh-A-A-MA41
BD5ee8-A-A-MA42	BD4r3b-A-A-MA41
BD5ee8-A-A-MA42	BD4zam-A-A-MA41
BD5ee8-A-A-MA42	BD5ee8-A-A-MA42
BD5eio-B-B-ACY2	BD5eio-A-A-ACY1
BD5eio-B-B-ACY2	BD5eio-A-A-ACY2
BD5eio-B-B-ACY2	BD5eio-B-B-ACY1
BD5eio-B-B-ACY2	BD5eio-B-B-ACY2
BD5ey5-A-A-G3P1	BD5ey5-A-A-G3P1
BD5fl4-C-C-ACY1	BD5fl4-A-A-ACY1
BD5fl4-C-C-ACY1	BD5fl4-A-A-ACY2
BD5fl4-C-C-ACY1	BD5fl4-B-B-ACY1
BD5fl4-C-C-ACY1	BD5fl4-C-C-ACY1
BD5flj-L-L-QUE1	BD5flj-A-A-QUE1
BD5flj-L-L-QUE1	BD5flj-B-B-QUE1
BD5flj-L-L-QUE1	BD5flj-E-E-QUE1
BD5flj-L-L-QUE1	BD5flj-G-G-QUE1
BD5flj-L-L-QUE1	BD5flj-H-H-QUE1
BD5flj-L-L-QUE1	BD5flj-I-I-QUE1
BD5flj-L-L-QUE1	BD5flj-J-J-QUE1
BD5flj-L-L-QUE1	BD5flj-K-K-QUE1
BD5flj-L-L-QUE1	BD5flj-L-L-QUE1
BD5fpz-A-A-MLA1	BD5fpz-A-A-MLA1
BD5fvj-A-A-ACO1	BD5fvj-A-A-ACO1
BD5fy7-B-B-SIN1	BD5fy7-A-A-SIN1
BD5fy7-B-B-SIN1	BD5fy7-B-B-SIN1
BD5ghx-B-B-ACY1	BD5ghx-A-A-ACY1
BD5ghx-B-B-ACY1	BD5ghx-B-B-ACY1
BD5glm-B-B-SIN1	BD5glm-B-B-SIN1
BD5gp0-I-I-GPP1	BD5gp0-A-A-GPP1
BD5gp0-I-I-GPP1	BD5gp0-E-E-GPP1
BD5gp0-I-I-GPP1	BD5gp0-I-I-GPP1
BD5gsm-B-B-PPI2	BD5gsm-A-A-PPI1
BD5gsm-B-B-PPI2	BD5gsm-A-A-PPI2
BD5gsm-B-B-PPI2	BD5gsm-B-B-PPI1
BD5gsm-B-B-PPI2	BD5gsm-B-B-PPI2
BD5gwt-D-D-SIN1	BD5gwt-A-A-SIN1
BD5gwt-D-D-SIN1	BD5gwt-B-B-SIN1
BD5gwt-D-D-SIN1	BD5gwt-C-C-SIN1
BD5gwt-D-D-SIN1	BD5gwt-D-D-SIN1
BD5h2d-A-A-ERG1	BD5h2d-A-A-ERG1
BD5h63-B-B-UD11	BD5h63-B-B-UD11
BD5h91-B-B-ACY2	BD4xbk-B-B-ACY1
BD5h91-B-B-ACY2	BD4xbk-B-B-ACY2
BD5h91-B-B-ACY2	BD5h91-B-B-ACY1
BD5h91-B-B-ACY2	BD5h91-B-B-ACY2
BD5ha0-A-A-LTD1	BD5h9l-A-A-EAH1
BD5ha0-A-A-LTD1	BD5h9n-A-A-LTX1
BD5ha0-A-A-LTD1	BD5ha0-A-A-LTD1
BD5hgz-A-A-ACO1	BD5hgz-A-A-ACO1
BD5hj5-B-B-ACY1	BD5hj5-B-B-ACY1
BD5hkg-A-A-RAP1	BD4iq2-A-A-MLA1
BD5hkg-A-A-RAP1	BD5hkg-A-A-RAP1
BD5hrv-A-A-64C1	BD5hrv-A-A-64C1
BD5hua-A-A-FK51	BD5hua-A-A-FK51
BD5hwa-A-A-ACY2	BD5hwa-A-A-ACY1
BD5hwa-A-A-ACY2	BD5hwa-A-A-ACY2
BD5i07-B-B-NE81	BD1y5v-A-A-NE81
BD5i07-B-B-NE81	BD5i03-A-A-NEZ1
BD5i07-B-B-NE81	BD5i07-B-B-NE81
BD5i07-B-B-NE81	BD6ygs-A-A-OQQ1
BD5i07-B-B-NE81	BD6yiq-A-A-OQN1
BD5i07-B-B-NE81	BD6yiq-B-B-OQN1
BD5ib0-G-G-ACO1	BD5ib0-G-G-ACO1
BD5ibe-A-A-69M1	BD5ibd-A-A-GGJ1
BD5ibe-A-A-69M1	BD5ibe-A-A-69M1
BD5idh-A-A-SH61	BD5iby-A-A-LPA1
BD5idh-A-A-SH61	BD5idh-A-A-SH61
BD5ie2-B-B-ACY1	BD5ie2-A-A-ACY1
BD5ie2-B-B-ACY1	BD5ie2-B-B-ACY1
BD5ir5-A-A-ZPE1	BD5ir5-A-A-ZPE1
BD5j1a-A-A-6F81	BD5j1a-A-A-6F81
BD5j56-A-A-ACY1	BD4hup-X-X-MLA1
BD5j56-A-A-ACY1	BD4lgr-A-A-ACY1
BD5j56-A-A-ACY1	BD4mx1-A-A-MLA2
BD5j56-A-A-ACY1	BD5j56-A-A-ACY1
BD5j5l-A-A-ACD1	BD5j5k-A-A-PLM1
BD5j5l-A-A-ACD1	BD5j5l-A-A-ACD1
BD5j8l-A-A-TGJ2	BD4ytt-A-A-PUD1
BD5j8l-A-A-TGJ2	BD4ytt-B-B-PUD1
BD5j8l-A-A-TGJ2	BD4ytt-C-C-PUD1
BD5j8l-A-A-TGJ2	BD4ytt-D-D-PUD1
BD5j8l-A-A-TGJ2	BD5j8l-A-A-TGJ2
BD5jr3-C-C-4MU1	BD5jr3-A-A-4MU1
BD5jr3-C-C-4MU1	BD5jr3-B-B-4MU1
BD5jr3-C-C-4MU1	BD5jr3-C-C-4MU1
BD5jse-C-C-MLA2	BD5js4-A-A-MLA1
BD5jse-C-C-MLA2	BD5js4-A-A-MLA2
BD5jse-C-C-MLA2	BD5js4-A-A-MLA3
BD5jse-C-C-MLA2	BD5js4-B-B-MLA1
BD5jse-C-C-MLA2	BD5js4-B-B-MLA2
BD5jse-C-C-MLA2	BD5js4-B-B-MLA3
BD5jse-C-C-MLA2	BD5js4-C-C-MLA1
BD5jse-C-C-MLA2	BD5js4-C-C-MLA2
BD5jse-C-C-MLA2	BD5js4-C-C-MLA3
BD5jse-C-C-MLA2	BD5jsd-A-A-MLA1
BD5jse-C-C-MLA2	BD5jsd-B-B-MLA1
BD5jse-C-C-MLA2	BD5jsd-C-C-MLA1
BD5jse-C-C-MLA2	BD5jse-A-A-MLA1
BD5jse-C-C-MLA2	BD5jse-A-A-MLA2
BD5jse-C-C-MLA2	BD5jse-B-B-MLA1
BD5jse-C-C-MLA2	BD5jse-B-B-MLA2
BD5jse-C-C-MLA2	BD5jse-C-C-MLA1
BD5jse-C-C-MLA2	BD5jse-C-C-MLA2
BD5jyi-A-A-SIN1	BD1mts-A-A-BX31
BD5jyi-A-A-SIN1	BD1mtv-A-A-BX31
BD5jyi-A-A-SIN1	BD1mtw-A-A-DX91
BD5jyi-A-A-SIN1	BD2g81-E-E-ACY1
BD5jyi-A-A-SIN1	BD2g81-E-E-ACY2
BD5jyi-A-A-SIN1	BD5jyi-A-A-SIN1
BD5k6a-C-C-6QT1	BD5k6a-C-C-6QT1
BD5k6a-D-D-6QT1	BD5jdi-A-A-6JO1
BD5k6a-D-D-6QT1	BD5k6a-A-A-6QT1
BD5k6a-D-D-6QT1	BD5k6a-B-B-6QT1
BD5k6a-D-D-6QT1	BD5k6a-D-D-6QT1
BD5kd6-B-B-LBU1	BD5kd6-B-B-LBU1
BD5kf9-A-A-ACO1	BD5kf2-A-A-ACO1
BD5kf9-A-A-ACO1	BD5kf8-A-A-ACO1
BD5kf9-A-A-ACO1	BD5kf9-A-A-ACO1
BD5kf9-A-A-ACO1	BD5kga-A-A-ACO1
BD5kf9-A-A-ACO1	BD5kgh-A-A-ACO1
BD5kf9-A-A-ACO1	BD5kgh-B-B-ACO1
BD5kf9-A-A-ACO1	BD5kgp-B-B-ACO1
BD5klu-B-B-6UZ1	BD5kke-A-A-CM51
BD5klu-B-B-6UZ1	BD5klu-B-B-6UZ1
BD5kpr-A-A-PAU1	BD5kpr-A-A-PAU1
BD5kts-A-A-CIZ1	BD5ktp-A-A-ITN1
BD5kts-A-A-CIZ1	BD5kts-A-A-CIZ1
BD5kws-A-A-ACY1	BD5kws-A-A-ACY1
BD5kzv-A-A-HCD1	BD5kzv-A-A-HCD1
BD5l2m-A-A-6ZY1	BD5l2m-A-A-6ZY1
BD5ljg-A-A-PLM1	BD5ljg-A-A-PLM1
BD5lu3-A-A-SSN1	BD5lu3-A-A-SSN1
BD5m0o-C-C-EPA1	BD5m0o-C-C-EPA1
BD5med-B-B-1BO1	BD5med-B-B-1BO1
BD5mek-A-A-POL4	BD5mek-A-A-POL2
BD5mek-A-A-POL4	BD5mek-A-A-POL4
BD5mha-B-B-7N51	BD5mh5-A-A-7N51
BD5mha-B-B-7N51	BD5mh5-B-B-7N51
BD5mha-B-B-7N51	BD5mh6-A-A-7N51
BD5mha-B-B-7N51	BD5mh6-B-B-7N51
BD5mha-B-B-7N51	BD5mh6-C-C-7N51
BD5mha-B-B-7N51	BD5mh6-D-D-7N51
BD5mha-B-B-7N51	BD5mha-A-A-7N51
BD5mha-B-B-7N51	BD5mha-B-B-7N51
BD5nx5-A-A-0FV1	BD5nx5-A-A-0FV1
BD5nx6-B-B-LA61	BD5nx6-A-A-LA61
BD5nx6-B-B-LA61	BD5nx6-B-B-LA61
BD5nyb-A-A-9EE1	BD4izs-A-A-BMD1
BD5nyb-A-A-9EE1	BD5nyb-A-A-9EE1
BD5o7y-A-A-SIN1	BD5o7y-A-A-SIN1
BD5oax-A-A-9Q51	BD5exo-A-A-5SY1
BD5oax-A-A-9Q51	BD5oax-A-A-9Q51
BD5oc0-A-A-37X1	BD5oc0-A-A-37X1
BD5oei-A-A-OOG1	BD5oei-A-A-OOG1
BD5oj4-B-B-2M81	BD5oiw-A-A-9WN1
BD5oj4-B-B-2M81	BD5oiw-B-B-9WN1
BD5oj4-B-B-2M81	BD5oj4-A-A-2M81
BD5oj4-B-B-2M81	BD5oj4-B-B-2M81
BD5ojg-A-A-BUO1	BD5ojg-A-A-BUO1
BD5owe-A-A-B0E1	BD5owe-A-A-B0E1
BD5oxo-A-A-78N9	BD5oxo-A-A-78N10
BD5oxo-A-A-78N9	BD5oxo-A-A-78N12
BD5oxo-A-A-78N9	BD5oxo-A-A-78N3
BD5oxo-A-A-78N9	BD5oxo-A-A-78N6
BD5oxo-A-A-78N9	BD5oxo-A-A-78N8
BD5oxo-A-A-78N9	BD5oxo-A-A-78N9
BD5qcu-C-C-E511	BD3ine-A-A-X171
BD5qcu-C-C-E511	BD5qcu-A-A-E511
BD5qcu-C-C-E511	BD5qcu-B-B-E511
BD5qcu-C-C-E511	BD5qcu-C-C-E511
BD5qxp-A-A-RH41	BD5qxp-A-A-RH41
BD5s7g-A-A-PPI1	BD5s7g-A-A-PPI1
BD5t37-A-A-BOG2	BD4al1-A-A-BOG1
BD5t37-A-A-BOG2	BD4yk5-A-A-BOG1
BD5t37-A-A-BOG2	BD4yk5-A-A-JZR1
BD5t37-A-A-BOG2	BD4yl1-A-A-BOG2
BD5t37-A-A-BOG2	BD4yl3-A-A-BOG1
BD5t37-A-A-BOG2	BD4yl3-A-A-BOG2
BD5t37-A-A-BOG2	BD5bqg-A-A-BOG1
BD5t37-A-A-BOG2	BD5bqg-A-A-JZR1
BD5t37-A-A-BOG2	BD5bqh-A-A-BOG1
BD5t37-A-A-BOG2	BD5bqh-A-A-BOG2
BD5t37-A-A-BOG2	BD5bqi-A-A-BOG1
BD5t37-A-A-BOG2	BD5bqi-A-A-BOG2
BD5t37-A-A-BOG2	BD5t36-A-A-BOG2
BD5t37-A-A-BOG2	BD5t37-A-A-BOG1
BD5t37-A-A-BOG2	BD5t37-A-A-BOG2
BD5t37-A-A-BOG2	BD5tl9-A-A-JZR1
BD5t6h-A-A-MYA1	BD4cav-A-A-MYA1
BD5t6h-A-A-MYA1	BD4cax-A-A-MYA1
BD5t6h-A-A-MYA1	BD4uwi-A-A-MYA1
BD5t6h-A-A-MYA1	BD4uwj-A-A-MYA1
BD5t6h-A-A-MYA1	BD5t5u-A-A-MYA1
BD5t6h-A-A-MYA1	BD5t6h-A-A-MYA1
BD5t9c-E-E-G3P1	BD5t9b-G-G-G3P1
BD5t9c-E-E-G3P1	BD5t9c-E-E-G3P1
BD5tie-A-A-OCA1	BD5tie-A-A-OCA1
BD5trq-B-B-SIN1	BD5trq-A-A-SIN1
BD5trq-B-B-SIN1	BD5trq-B-B-SIN1
BD5tvi-W-W-O8N1	BD5tvi-W-W-O8N1
BD5u0w-A-A-ACY1	BD5u0v-B-B-ACY1
BD5u0w-A-A-ACY1	BD5u0w-A-A-ACY1
BD5u2d-B-B-OBH1	BD2qa8-A-A-GEN1
BD5u2d-B-B-OBH1	BD4pxm-B-B-EST1
BD5u2d-B-B-OBH1	BD4znv-A-A-4Q71
BD5u2d-B-B-OBH1	BD5dxe-B-B-EST1
BD5u2d-B-B-OBH1	BD5dxg-B-B-EST1
BD5u2d-B-B-OBH1	BD5kd9-B-B-OBT1
BD5u2d-B-B-OBH1	BD5u2d-B-B-OBH1
BD5u2d-B-B-OBH1	BD6cbz-A-A-EST1
BD5uda-B-B-CAE1	BD5uda-A-A-CAE1
BD5uda-B-B-CAE1	BD5uda-B-B-CAE1
BD5uda-B-B-CAE1	BD5ufg-A-A-CM52
BD5upt-A-A-8JG3	BD5upt-A-A-8JG1
BD5upt-A-A-8JG3	BD5upt-A-A-8JG3
BD5ux2-B-B-PPI1	BD5ux2-A-A-PPI1
BD5ux2-B-B-PPI1	BD5ux2-B-B-PPI1
BD5uxy-A-A-X901	BD5uxy-A-A-X901
BD5uzc-D-D-ACY1	BD5uwx-A-A-ACY1
BD5uzc-D-D-ACY1	BD5uwx-C-C-ACY1
BD5uzc-D-D-ACY1	BD5uwx-D-D-ACY1
BD5uzc-D-D-ACY1	BD5uzc-A-A-ACY1
BD5uzc-D-D-ACY1	BD5uzc-C-C-ACY1
BD5uzc-D-D-ACY1	BD5uzc-D-D-ACY1
BD5v13-C-C-JH31	BD5v13-A-A-JH31
BD5v13-C-C-JH31	BD5v13-B-B-JH31
BD5v13-C-C-JH31	BD5v13-C-C-JH31
BD5v38-B-B-ACY2	BD5v38-A-A-ACY1
BD5v38-B-B-ACY2	BD5v38-A-A-ACY2
BD5v38-B-B-ACY2	BD5v38-A-A-ACY4
BD5v38-B-B-ACY2	BD5v38-B-B-ACY1
BD5v38-B-B-ACY2	BD5v38-B-B-ACY2
BD5v40-B-B-JS11	BD5v3x-A-A-I281
BD5v40-B-B-JS11	BD5v3x-B-B-I281
BD5v40-B-B-JS11	BD5v3y-A-A-5V81
BD5v40-B-B-JS11	BD5v3y-B-B-5V81
BD5v40-B-B-JS11	BD5v40-A-A-JS11
BD5v40-B-B-JS11	BD5v40-B-B-JS11
BD5v40-B-B-JS11	BD5v42-A-A-I661
BD5v40-B-B-JS11	BD5v42-B-B-I661
BD5v6q-D-D-MLA1	BD5v6q-B-B-MLA1
BD5v6q-D-D-MLA1	BD5v6q-C-C-MLA1
BD5v6q-D-D-MLA1	BD5v6q-D-D-MLA1
BD5var-A-A-92Y1	BD5var-A-A-92Y1
BD5vd6-A-A-93P1	BD4klv-A-A-KLV1
BD5vd6-A-A-93P1	BD5vd6-A-A-93P1
BD5vd6-A-A-93P1	BD5vdb-A-A-93M1
BD5w5r-E-E-PYR1	BD5w5r-E-E-PYR1
BD5w8c-A-A-IVC1	BD5w8c-A-A-IVC1
BD5w8k-B-B-MLA1	BD5w8h-B-B-MLA1
BD5w8k-B-B-MLA1	BD5w8i-B-B-MLA1
BD5w8k-B-B-MLA1	BD5w8j-B-B-MLA1
BD5w8k-B-B-MLA1	BD5w8k-B-B-MLA1
BD5wci-A-A-1VU1	BD5wci-A-A-1VU1
BD5wiu-A-A-OLA9	BD5wiu-A-A-OLA9
BD5wqc-A-A-OLA2	BD5wqc-A-A-OLA2
BD5wqi-F-F-7X01	BD5wqi-F-F-7X01
BD5x18-B-B-MLA1	BD5x18-A-A-MLA1
BD5x18-B-B-MLA1	BD5x18-B-B-MLA1
BD5x7e-A-A-7ZU1	BD5x7e-A-A-7ZU1
BD5x9i-B-B-OOA1	BD5x9i-A-A-OOA1
BD5x9i-B-B-OOA1	BD5x9i-B-B-OOA1
BD5xao-C-C-ACY1	BD5t1e-A-A-ACY1
BD5xao-C-C-ACY1	BD5t1e-A-A-ACY2
BD5xao-C-C-ACY1	BD5t1e-A-A-ACY3
BD5xao-C-C-ACY1	BD5t1f-A-A-ACY1
BD5xao-C-C-ACY1	BD5xao-A-A-ACY1
BD5xao-C-C-ACY1	BD5xao-C-C-ACY1
BD5xk7-C-C-DMA1	BD5xk7-C-C-DMA1
BD5xna-B-B-ACY1	BD5xn9-A-A-ACY1
BD5xna-B-B-ACY1	BD5xn9-B-B-ACY1
BD5xna-B-B-ACY1	BD5xn9-B-B-ACY2
BD5xna-B-B-ACY1	BD5xna-A-A-SHV1
BD5xna-B-B-ACY1	BD5xna-B-B-ACY1
BD5xoi-A-A-SIN1	BD5xoi-A-A-SIN1
BD5xp6-A-A-SIN1	BD5xp6-A-A-SIN1
BD5xp6-A-A-SIN1	BD5ypl-A-A-HIW1
BD5xp6-A-A-SIN1	BD5ypl-B-B-HIW1
BD5xp6-A-A-SIN1	BD5zgi-A-A-SIN1
BD5xp6-A-A-SIN1	BD6d1a-A-A-TWB1
BD5xp6-A-A-SIN1	BD6d1b-A-A-FUJ1
BD5xp6-A-A-SIN1	BD6d1c-A-A-VKE1
BD5xp6-A-A-SIN1	BD6d1d-A-A-GTV1
BD5xp6-A-A-SIN1	BD6d1f-A-A-P9T1
BD5xp6-A-A-SIN1	BD6o3r-A-A-XJE1
BD5y6u-C-C-ACY1	BD1qd9-A-A-ACY1
BD5y6u-C-C-ACY1	BD1qd9-B-B-ACY3
BD5y6u-C-C-ACY1	BD1qd9-C-C-ACY1
BD5y6u-C-C-ACY1	BD5y6u-A-A-ACY2
BD5y6u-C-C-ACY1	BD5y6u-B-B-ACY2
BD5y6u-C-C-ACY1	BD5y6u-C-C-ACY1
BD5y8j-B-B-AKR1	BD5y8j-B-B-AKR1
BD5y8j-B-B-AKR1	BD5y8l-A-A-9ON1
BD5y9y-A-A-SIN1	BD5y9y-A-A-SIN1
BD5yic-A-A-CPS1	BD5yic-A-A-CPS1
BD5ynt-A-A-DMA1	BD5ynt-A-A-DMA1
BD5z3s-A-A-1BO1	BD5z3s-A-A-1BO1
BD5z86-P-P-DMU2	BD5z86-P-P-DMU2
BD5z86-P-P-DMU2	BD8h8s-C-C-DMU2
BD6a2d-A-A-6R21	BD6a2d-A-A-6R21
BD6a2d-A-A-6R21	BD6a2d-B-B-6R21
BD6a2w-A-A-DD61	BD6a2w-A-A-A861
BD6a2w-A-A-DD61	BD6a2w-A-A-A862
BD6a2w-A-A-DD61	BD6a2w-A-A-A864
BD6a2w-A-A-DD61	BD6a2w-A-A-A865
BD6a2w-A-A-DD61	BD6a2w-A-A-A866
BD6a2w-A-A-DD61	BD6a2w-A-A-A867
BD6a2w-A-A-DD61	BD6a2w-A-A-DD61
BD6a42-A-A-ACY1	BD6a42-A-A-ACY1
BD6a6u-A-A-FSA1	BD6a6s-A-A-FSA1
BD6a6u-A-A-FSA1	BD6a6u-A-A-FSA1
BD6a98-A-A-BOG1	BD6a98-A-A-BOG1
BD6ajx-A-A-HCC1	BD4nqm-A-A-SIN1
BD6ajx-A-A-HCC1	BD5wuu-A-A-7UU1
BD6ajx-A-A-HCC1	BD6ajx-A-A-HCC1
BD6ajx-A-A-HCC1	BD7c2z-A-A-SQH1
BD6alr-A-A-SIN1	BD2wbp-A-A-SIN1
BD6alr-A-A-SIN1	BD6alp-A-A-SIN1
BD6alr-A-A-SIN1	BD6alq-A-A-SIN1
BD6alr-A-A-SIN1	BD6alr-A-A-SIN1
BD6alr-A-A-SIN1	BD6daz-A-A-SIN1
BD6alr-A-A-SIN1	BD6db2-A-A-SIN1
BD6alr-A-A-SIN1	BD6mp9-A-A-SIN1
BD6bd9-A-A-PYR2	BD6bd9-A-A-PYR2
BD6bld-A-A-DXJ1	BD6bld-A-A-DXJ1
BD6c32-A-A-ACO1	BD6c32-A-A-ACO1
BD6cbs-B-B-ACY2	BD6cbs-A-A-ACY1
BD6cbs-B-B-ACY2	BD6cbs-A-A-ACY2
BD6cbs-B-B-ACY2	BD6cbs-B-B-ACY2
BD6cgz-A-A-HL61	BD6cgz-A-A-HL61
BD6cj4-A-A-AAE1	BD6cj3-A-A-PYR1
BD6cj4-A-A-AAE1	BD6cj3-A-A-PYR2
BD6cj4-A-A-AAE1	BD6cj4-A-A-AAE1
BD6d18-A-A-GTV1	BD6d15-A-A-TWB1
BD6d18-A-A-GTV1	BD6d15-A-A-TWB2
BD6d18-A-A-GTV1	BD6d16-A-A-FUJ1
BD6d18-A-A-GTV1	BD6d17-A-A-VKE1
BD6d18-A-A-GTV1	BD6d18-A-A-GTV1
BD6d18-A-A-GTV1	BD6j8q-A-A-ACY1
BD6d18-A-A-GTV1	BD6j8q-A-A-ACY2
BD6d18-A-A-GTV1	BD6j8q-B-B-ACY1
BD6d18-A-A-GTV1	BD6j8q-B-B-ACY2
BD6d18-A-A-GTV1	BD6j8q-C-C-ACY1
BD6d18-A-A-GTV1	BD6j8q-D-D-ACY1
BD6dcm-A-A-ACA1	BD6dcm-A-A-ACA1
BD6dd0-A-A-P9T1	BD6dd0-A-A-P9T1
BD6dj6-B-B-OLA1	BD6dj6-A-A-OLA1
BD6dj6-B-B-OLA1	BD6dj6-B-B-OLA1
BD6dwd-B-B-SIN1	BD6dwd-B-B-SIN1
BD6edh-B-B-SIN1	BD6edh-B-B-SIN1
BD6eev-A-A-MEV1	BD6eev-A-A-MEV1
BD6f2e-D-D-ACY1	BD6f2e-A-A-ACY1
BD6f2e-D-D-ACY1	BD6f2e-B-B-ACY1
BD6f2e-D-D-ACY1	BD6f2e-D-D-ACY1
BD6f88-A-A-STR1	BD6f88-A-A-STR1
BD6f88-A-A-STR1	BD6f88-B-B-STR1
BD6fmx-A-A-OLC1	BD6fmx-A-A-OLC1
BD6fyj-A-A-MYR1	BD6fyj-A-A-MYR1
BD6g96-A-A-ACO1	BD6g96-A-A-ACO1
BD6g9v-B-B-UD11	BD6g9v-B-B-UD11
BD6ghh-A-A-TDA1	BD3nq9-A-A-OCA1
BD6ghh-A-A-TDA1	BD6ghh-A-A-TDA1
BD6gk0-A-A-ACY4	BD5zf4-A-A-9BL1
BD6gk0-A-A-ACY4	BD5zf9-A-A-9BR1
BD6gk0-A-A-ACY4	BD6et4-A-A-ACY3
BD6gk0-A-A-ACY4	BD6gk0-A-A-ACY2
BD6gk0-A-A-ACY4	BD6gk0-A-A-ACY3
BD6gk0-A-A-ACY4	BD6gk0-A-A-ACY4
BD6h2n-C-C-UD11	BD6h21-A-A-UD11
BD6h2n-C-C-UD11	BD6h21-B-B-UD11
BD6h2n-C-C-UD11	BD6h21-C-C-UD11
BD6h2n-C-C-UD11	BD6h2n-C-C-UD11
BD6hl1-A-A-JN31	BD3bej-B-B-MUF1
BD6hl1-A-A-JN31	BD6hl1-A-A-JN31
BD6hsp-B-B-CO81	BD6hsp-B-B-CO81
BD6i3k-B-B-SIN3	BD6i3k-A-A-SIN1
BD6i3k-B-B-SIN3	BD6i3k-A-A-SIN3
BD6i3k-B-B-SIN3	BD6i3k-B-B-SIN1
BD6i3k-B-B-SIN3	BD6i3k-B-B-SIN2
BD6i3k-B-B-SIN3	BD6i3k-B-B-SIN3
BD6i6c-B-B-H4H1	BD6i6c-A-A-H4H1
BD6i6c-B-B-H4H1	BD6i6c-B-B-H4H1
BD6ie9-A-A-JN31	BD6ie9-A-A-JN31
BD6iiq-C-C-MLA1	BD6iiq-A-A-MLA1
BD6iiq-C-C-MLA1	BD6iiq-B-B-MLA1
BD6iiq-C-C-MLA1	BD6iiq-C-C-MLA1
BD6iix-A-A-CO81	BD4mfk-A-A-MFK1
BD6iix-A-A-CO81	BD6iix-A-A-CO81
BD6iky-A-A-K2U1	BD6iky-A-A-K2U1
BD6isk-B-B-MLA1	BD6isk-A-A-MLA1
BD6isk-B-B-MLA1	BD6isk-A-A-MLA2
BD6isk-B-B-MLA1	BD6isk-B-B-MLA1
BD6itq-D-D-HCY1	BD6itq-A-A-HCY1
BD6itq-D-D-HCY1	BD6itq-C-C-HCY1
BD6itq-D-D-HCY1	BD6itq-D-D-HCY1
BD6j0g-B-B-H6P1	BD5zxk-A-A-H6P1
BD6j0g-B-B-H6P1	BD6j0g-A-A-H6P1
BD6j0g-B-B-H6P1	BD6j0g-B-B-H6P1
BD6j0g-B-B-H6P1	BD6j0g-C-C-H6P1
BD6j0g-B-B-H6P1	BD6j0g-D-D-H6P1
BD6j2m-A-A-FK51	BD6j2m-A-A-FK51
BD6j4c-A-A-ACY1	BD6j4b-A-A-ACY1
BD6j4c-A-A-ACY1	BD6j4b-A-A-ACY2
BD6j4c-A-A-ACY1	BD6j4b-A-A-ACY3
BD6j4c-A-A-ACY1	BD6j4c-A-A-ACY1
BD6j4k-A-A-MLA2	BD6j4k-A-A-MLA1
BD6j4k-A-A-MLA2	BD6j4k-A-A-MLA2
BD6j5y-A-A-PYR1	BD6j5y-A-A-PYR1
BD6jo0-A-A-OCT6	BD6jo0-A-A-DD91
BD6jo0-A-A-OCT6	BD6jo0-A-A-DD92
BD6jo0-A-A-OCT6	BD6jo0-A-A-HEX1
BD6jo0-A-A-OCT6	BD6jo0-A-A-HEX2
BD6jo0-A-A-OCT6	BD6jo0-A-A-HEX3
BD6jo0-A-A-OCT6	BD6jo0-A-A-HEX5
BD6jo0-A-A-OCT6	BD6jo0-A-A-OCT2
BD6jo0-A-A-OCT6	BD6jo0-A-A-OCT3
BD6jo0-A-A-OCT6	BD6jo0-A-A-OCT4
BD6jo0-A-A-OCT6	BD6jo0-A-A-OCT5
BD6jo0-A-A-OCT6	BD6jo0-A-A-OCT6
BD6k0s-A-A-ACY2	BD6k0n-A-A-ACY1
BD6k0s-A-A-ACY2	BD6k0n-A-A-ACY2
BD6k0s-A-A-ACY2	BD6k0p-A-A-ACY1
BD6k0s-A-A-ACY2	BD6k0p-A-A-ACY2
BD6k0s-A-A-ACY2	BD6k0q-A-A-ACY1
BD6k0s-A-A-ACY2	BD6k0q-A-A-ACY2
BD6k0s-A-A-ACY2	BD6k0s-A-A-ACY1
BD6k0s-A-A-ACY2	BD6k0s-A-A-ACY2
BD6k6i-A-A-OLA8	BD6k6i-A-A-OLA10
BD6k6i-A-A-OLA8	BD6k6i-A-A-OLA8
BD6k80-A-A-ACO1	BD3te4-A-A-ACO1
BD6k80-A-A-ACO1	BD5gif-A-A-ACO1
BD6k80-A-A-ACO1	BD6k80-A-A-ACO1
BD6kfd-A-A-04E1	BD6kfd-A-A-04E1
BD6kfq-A-A-MPG4	BD6kfq-A-A-MPG1
BD6kfq-A-A-MPG4	BD6kfq-A-A-MPG4
BD6l7h-A-A-E7F1	BD6l7h-A-A-E7F1
BD6lam-A-A-EKG1	BD6lah-A-A-EKG1
BD6lam-A-A-EKG1	BD6lam-A-A-EKG1
BD6lgv-A-A-A6L5	BD6lgv-A-A-A6L1
BD6lgv-A-A-A6L5	BD6lgv-A-A-A6L2
BD6lgv-A-A-A6L5	BD6lgv-A-A-A6L3
BD6lgv-A-A-A6L5	BD6lgv-A-A-A6L4
BD6lgv-A-A-A6L5	BD6lgv-A-A-A6L5
BD6lki-A-A-MLA1	BD6lki-A-A-MLA1
BD6lm1-C-C-R161	BD6lm1-A-A-C141
BD6lm1-C-C-R161	BD6lm1-A-A-D101
BD6lm1-C-C-R161	BD6lm1-A-A-D102
BD6lm1-C-C-R161	BD6lm1-A-A-D122
BD6lm1-C-C-R161	BD6lm1-A-A-HEX2
BD6lm1-C-C-R161	BD6lm1-A-A-HEX5
BD6lm1-C-C-R161	BD6lm1-A-A-OCT1
BD6lm1-C-C-R161	BD6lm1-A-A-OCT5
BD6lm1-C-C-R161	BD6lm1-A-A-OCT7
BD6lm1-C-C-R161	BD6lm1-A-A-OCT8
BD6lm1-C-C-R161	BD6lm1-A-A-R162
BD6lm1-C-C-R161	BD6lm1-A-A-R165
BD6lm1-C-C-R161	BD6lm1-B-B-C141
BD6lm1-C-C-R161	BD6lm1-B-B-D101
BD6lm1-C-C-R161	BD6lm1-B-B-D102
BD6lm1-C-C-R161	BD6lm1-B-B-HEX1
BD6lm1-C-C-R161	BD6lm1-B-B-HEX2
BD6lm1-C-C-R161	BD6lm1-B-B-HEX3
BD6lm1-C-C-R161	BD6lm1-B-B-HEX4
BD6lm1-C-C-R161	BD6lm1-B-B-HEX5
BD6lm1-C-C-R161	BD6lm1-B-B-OCT3
BD6lm1-C-C-R161	BD6lm1-B-B-OCT4
BD6lm1-C-C-R161	BD6lm1-B-B-OCT5
BD6lm1-C-C-R161	BD6lm1-C-C-C141
BD6lm1-C-C-R161	BD6lm1-C-C-HEX10
BD6lm1-C-C-R161	BD6lm1-C-C-HEX7
BD6lm1-C-C-R161	BD6lm1-C-C-OCT3
BD6lm1-C-C-R161	BD6lm1-C-C-OCT4
BD6lm1-C-C-R161	BD6lm1-C-C-R161
BD6lop-A-A-ELX1	BD6loo-A-A-ELR1
BD6lop-A-A-ELX1	BD6loo-B-B-ELR1
BD6lop-A-A-ELX1	BD6lop-A-A-ELX1
BD6lpk-A-A-UND1	BD4eiy-A-A-OLA12
BD6lpk-A-A-UND1	BD4eiy-A-A-OLA13
BD6lpk-A-A-UND1	BD5iu4-A-A-OLA1
BD6lpk-A-A-UND1	BD5iu7-A-A-OLA5
BD6lpk-A-A-UND1	BD5k2c-A-A-CLR2
BD6lpk-A-A-UND1	BD5k2d-A-A-CLR1
BD6lpk-A-A-UND1	BD5k2d-A-A-CLR2
BD6lpk-A-A-UND1	BD5olg-A-A-OLA2
BD6lpk-A-A-UND1	BD5olg-A-A-OLA5
BD6lpk-A-A-UND1	BD5olg-A-A-OLA6
BD6lpk-A-A-UND1	BD5olg-A-A-OLA8
BD6lpk-A-A-UND1	BD5olg-A-A-OLC1
BD6lpk-A-A-UND1	BD5olz-A-A-OLA1
BD6lpk-A-A-UND1	BD5olz-A-A-OLA15
BD6lpk-A-A-UND1	BD6lpj-A-A-8K61
BD6lpk-A-A-UND1	BD6lpj-A-A-D121
BD6lpk-A-A-UND1	BD6lpj-A-A-HEX1
BD6lpk-A-A-UND1	BD6lpj-A-A-MYS1
BD6lpk-A-A-UND1	BD6lpj-A-A-MYS4
BD6lpk-A-A-UND1	BD6lpj-A-A-MYS6
BD6lpk-A-A-UND1	BD6lpj-A-A-OCT1
BD6lpk-A-A-UND1	BD6lpj-A-A-OCT2
BD6lpk-A-A-UND1	BD6lpj-A-A-OCT3
BD6lpk-A-A-UND1	BD6lpj-A-A-TRD2
BD6lpk-A-A-UND1	BD6lpj-A-A-TRD3
BD6lpk-A-A-UND1	BD6lpj-A-A-TRD4
BD6lpk-A-A-UND1	BD6lpj-A-A-UND1
BD6lpk-A-A-UND1	BD6lpk-A-A-8K62
BD6lpk-A-A-UND1	BD6lpk-A-A-D101
BD6lpk-A-A-UND1	BD6lpk-A-A-D121
BD6lpk-A-A-UND1	BD6lpk-A-A-HEX1
BD6lpk-A-A-UND1	BD6lpk-A-A-MYS1
BD6lpk-A-A-UND1	BD6lpk-A-A-MYS4
BD6lpk-A-A-UND1	BD6lpk-A-A-MYS5
BD6lpk-A-A-UND1	BD6lpk-A-A-MYS6
BD6lpk-A-A-UND1	BD6lpk-A-A-OCT1
BD6lpk-A-A-UND1	BD6lpk-A-A-OCT2
BD6lpk-A-A-UND1	BD6lpk-A-A-OCT3
BD6lpk-A-A-UND1	BD6lpk-A-A-TRD2
BD6lpk-A-A-UND1	BD6lpk-A-A-TRD3
BD6lpk-A-A-UND1	BD6lpk-A-A-UND1
BD6lpk-A-A-UND1	BD6zdr-A-A-OLC4
BD6lyc-A-A-ACY1	BD6lyc-A-A-ACY1
BD6m74-A-A-PYR1	BD6m73-A-A-PYR1
BD6m74-A-A-PYR1	BD6m74-A-A-PYR1
BD6m8c-A-A-IRH1	BD6m88-A-A-MYC1
BD6m8c-A-A-IRH1	BD6m89-A-A-QUE1
BD6m8c-A-A-IRH1	BD6m8a-A-A-LU21
BD6m8c-A-A-IRH1	BD6m8b-A-A-KMP1
BD6m8c-A-A-IRH1	BD6m8c-A-A-IRH1
BD6m9c-A-A-ACY5	BD6m9c-A-A-ACY1
BD6m9c-A-A-ACY5	BD6m9c-A-A-ACY2
BD6m9c-A-A-ACY5	BD6m9c-A-A-ACY3
BD6m9c-A-A-ACY5	BD6m9c-A-A-ACY4
BD6m9c-A-A-ACY5	BD6m9c-A-A-ACY5
BD6mne-B-B-J3Z1	BD1jtv-A-A-TES1
BD6mne-B-B-J3Z1	BD1qyw-A-A-5SD1
BD6mne-B-B-J3Z1	BD6mne-B-B-J3Z1
BD6mvo-B-B-K4P1	BD4khm-A-A-1PV1
BD6mvo-B-B-K4P1	BD6mvo-A-A-K4P1
BD6mvo-B-B-K4P1	BD6mvo-B-B-K4P1
BD6n95-F-F-YXR1	BD6n92-B-B-KFV1
BD6n95-F-F-YXR1	BD6n95-C-C-YXR1
BD6n95-F-F-YXR1	BD6n95-D-D-YXR1
BD6n95-F-F-YXR1	BD6n95-E-E-YXR1
BD6n95-F-F-YXR1	BD6n95-F-F-YXR1
BD6nmx-A-A-LJS1	BD6nmx-A-A-LJS1
BD6nmx-A-A-LJS1	BD6nmx-B-B-LJS1
BD6nmx-A-A-LJS1	BD6nmx-C-C-LJS1
BD6nmx-A-A-LJS1	BD6nmx-D-D-LJS1
BD6nok-A-A-MYR1	BD6dke-A-A-PLM1
BD6nok-A-A-MYR1	BD6nok-A-A-MYR1
BD6nxa-C-C-ACY1	BD6nx8-A-A-ACY1
BD6nxa-C-C-ACY1	BD6nx9-B-B-ACY1
BD6nxa-C-C-ACY1	BD6nx9-C-C-ACY1
BD6nxa-C-C-ACY1	BD6nx9-D-D-ACY1
BD6nxa-C-C-ACY1	BD6nxa-C-C-ACY1
BD6nxg-B-B-MYA1	BD2ync-A-A-YNC1
BD6nxg-B-B-MYA1	BD2ync-B-B-YNC1
BD6nxg-B-B-MYA1	BD2ync-C-C-YNC1
BD6nxg-B-B-MYA1	BD2ynd-A-A-NHW1
BD6nxg-B-B-MYA1	BD2ynd-B-B-NHW1
BD6nxg-B-B-MYA1	BD2ynd-C-C-NHW1
BD6nxg-B-B-MYA1	BD2yne-A-A-NHW1
BD6nxg-B-B-MYA1	BD2yne-B-B-NHW1
BD6nxg-B-B-MYA1	BD2yne-C-C-NHW1
BD6nxg-B-B-MYA1	BD4a95-A-A-NHW1
BD6nxg-B-B-MYA1	BD4a95-B-B-NHW1
BD6nxg-B-B-MYA1	BD4a95-C-C-NHW1
BD6nxg-B-B-MYA1	BD4b10-A-A-NHW1
BD6nxg-B-B-MYA1	BD4b10-B-B-NHW1
BD6nxg-B-B-MYA1	BD4b10-C-C-NHW1
BD6nxg-B-B-MYA1	BD4b11-A-A-NHW1
BD6nxg-B-B-MYA1	BD4b11-B-B-NHW1
BD6nxg-B-B-MYA1	BD4b11-C-C-NHW1
BD6nxg-B-B-MYA1	BD4b12-A-A-NHW1
BD6nxg-B-B-MYA1	BD4b12-B-B-NHW1
BD6nxg-B-B-MYA1	BD4b14-B-B-NHW1
BD6nxg-B-B-MYA1	BD4bbh-A-A-NHW1
BD6nxg-B-B-MYA1	BD4bbh-B-B-NHW1
BD6nxg-B-B-MYA1	BD4bbh-C-C-NHW1
BD6nxg-B-B-MYA1	BD4c68-A-A-NHW1
BD6nxg-B-B-MYA1	BD4c68-B-B-NHW1
BD6nxg-B-B-MYA1	BD4c68-C-C-NHW1
BD6nxg-B-B-MYA1	BD4cae-B-B-NHW1
BD6nxg-B-B-MYA1	BD4cae-C-C-NHW1
BD6nxg-B-B-MYA1	BD4caf-A-A-NHW1
BD6nxg-B-B-MYA1	BD4caf-B-B-NHW1
BD6nxg-B-B-MYA1	BD4caf-C-C-NHW1
BD6nxg-B-B-MYA1	BD4ufv-A-A-NHW1
BD6nxg-B-B-MYA1	BD4ufv-B-B-NHW1
BD6nxg-B-B-MYA1	BD4ufv-C-C-NHW1
BD6nxg-B-B-MYA1	BD4ufw-A-A-NHW1
BD6nxg-B-B-MYA1	BD4ufw-B-B-NHW1
BD6nxg-B-B-MYA1	BD4ufw-C-C-NHW1
BD6nxg-B-B-MYA1	BD4ufx-A-A-NHW1
BD6nxg-B-B-MYA1	BD4ufx-B-B-NHW1
BD6nxg-B-B-MYA1	BD4ufx-C-C-NHW1
BD6nxg-B-B-MYA1	BD5g1z-A-A-NHW1
BD6nxg-B-B-MYA1	BD5g1z-B-B-NHW1
BD6nxg-B-B-MYA1	BD5g1z-C-C-NHW1
BD6nxg-B-B-MYA1	BD5o48-A-A-NHW1
BD6nxg-B-B-MYA1	BD5o48-B-B-NHW1
BD6nxg-B-B-MYA1	BD5o48-C-C-NHW1
BD6nxg-B-B-MYA1	BD5o4v-A-A-NHW1
BD6nxg-B-B-MYA1	BD5o4v-B-B-NHW1
BD6nxg-B-B-MYA1	BD5o4v-C-C-NHW1
BD6nxg-B-B-MYA1	BD5v0w-A-A-MYA1
BD6nxg-B-B-MYA1	BD5v0w-B-B-MYA1
BD6nxg-B-B-MYA1	BD5v0w-C-C-MYA1
BD6nxg-B-B-MYA1	BD6maz-A-A-YNC1
BD6nxg-B-B-MYA1	BD6maz-B-B-YNC1
BD6nxg-B-B-MYA1	BD6maz-C-C-YNC1
BD6nxg-B-B-MYA1	BD6mb0-A-A-YNC1
BD6nxg-B-B-MYA1	BD6mb0-B-B-YNC1
BD6nxg-B-B-MYA1	BD6mb0-C-C-YNC1
BD6nxg-B-B-MYA1	BD6mb1-A-A-YNC1
BD6nxg-B-B-MYA1	BD6mb1-B-B-YNC1
BD6nxg-B-B-MYA1	BD6mb1-C-C-YNC1
BD6nxg-B-B-MYA1	BD6nxg-A-A-MYA1
BD6nxg-B-B-MYA1	BD6nxg-B-B-MYA1
BD6nxg-B-B-MYA1	BD6nxg-C-C-MYA1
BD6obo-D-D-ACY3	BD6obo-C-C-ACY1
BD6obo-D-D-ACY3	BD6obo-C-C-ACY2
BD6obo-D-D-ACY3	BD6obo-D-D-ACY1
BD6obo-D-D-ACY3	BD6obo-D-D-ACY3
BD6oox-A-A-4IA1	BD6oox-A-A-4IA1
BD6oz1-A-A-SIN1	BD6oz1-A-A-SIN1
BD6p7r-A-A-PAM1	BD6p7r-A-A-PAM1
BD6p9t-A-A-U201	BD2qia-A-A-U201
BD6p9t-A-A-U201	BD6p9q-A-A-U201
BD6p9t-A-A-U201	BD6p9r-A-A-U201
BD6p9t-A-A-U201	BD6p9s-A-A-U201
BD6p9t-A-A-U201	BD6p9t-A-A-U201
BD6ph9-A-A-LP51	BD6ph9-A-A-LP51
BD6pk0-D-D-HIW1	BD6pk0-A-A-HIW1
BD6pk0-D-D-HIW1	BD6pk0-B-B-HIW1
BD6pk0-D-D-HIW1	BD6pk0-C-C-HIW1
BD6pk0-D-D-HIW1	BD6pk0-D-D-HIW1
BD6ps7-A-A-CLR3	BD4eiy-A-A-CLR1
BD6ps7-A-A-CLR3	BD4eiy-A-A-CLR2
BD6ps7-A-A-CLR3	BD5iu4-A-A-CLR3
BD6ps7-A-A-CLR3	BD5iu7-A-A-CLR2
BD6ps7-A-A-CLR3	BD5iu7-A-A-CLR3
BD6ps7-A-A-CLR3	BD5olg-A-A-CLR1
BD6ps7-A-A-CLR3	BD5olv-A-A-CLR1
BD6ps7-A-A-CLR3	BD5olv-A-A-CLR4
BD6ps7-A-A-CLR3	BD5olz-A-A-CLR3
BD6ps7-A-A-CLR3	BD5olz-A-A-CLR4
BD6ps7-A-A-CLR3	BD6lpj-A-A-CLR2
BD6ps7-A-A-CLR3	BD6lpj-A-A-CLR3
BD6ps7-A-A-CLR3	BD6lpj-A-A-ER01
BD6ps7-A-A-CLR3	BD6lpj-A-A-ER02
BD6ps7-A-A-CLR3	BD6lpk-A-A-CLR2
BD6ps7-A-A-CLR3	BD6lpk-A-A-CLR3
BD6ps7-A-A-CLR3	BD6lpk-A-A-ER01
BD6ps7-A-A-CLR3	BD6lpk-A-A-ER02
BD6ps7-A-A-CLR3	BD6ps7-A-A-CLR1
BD6ps7-A-A-CLR3	BD6ps7-A-A-CLR2
BD6ps7-A-A-CLR3	BD6ps7-A-A-CLR3
BD6ps7-A-A-CLR3	BD6zdr-A-A-CLR1
BD6ps7-A-A-CLR3	BD6zdr-A-A-CLR2
BD6pxf-A-A-J0V1	BD6pxf-A-A-J0V1
BD6pzs-A-A-P7J1	BD6pzs-A-A-P7J1
BD6q0y-A-A-UD11	BD6q0y-A-A-UD11
BD6qku-A-A-R3W2	BD3r3w-A-A-R3W1
BD6qku-A-A-R3W2	BD3r3x-A-A-BXA1
BD6qku-A-A-R3W2	BD5k3b-A-A-R3W1
BD6qku-A-A-R3W2	BD6qku-A-A-R3W1
BD6qku-A-A-R3W2	BD6qku-A-A-R3W2
BD6qll-A-A-4LR1	BD4zaf-A-A-4LR1
BD6qll-A-A-4LR1	BD4zag-A-A-4LR1
BD6qll-A-A-4LR1	BD4zal-A-A-4LR1
BD6qll-A-A-4LR1	BD4zan-A-A-4LR1
BD6qll-A-A-4LR1	BD6qli-A-A-4LR1
BD6qll-A-A-4LR1	BD6qll-A-A-4LR1
BD6r5h-A-A-ACY1	BD6r5h-A-A-ACY1
BD6rnk-A-A-OLC13	BD6rnk-A-A-OLC11
BD6rnk-A-A-OLC13	BD6rnk-A-A-OLC13
BD6rrn-A-A-SIN1	BD6rpc-A-A-SIN1
BD6rrn-A-A-SIN1	BD6rqz-A-A-SIN1
BD6rrn-A-A-SIN1	BD6rrn-A-A-SIN1
BD6sbe-A-A-L4E1	BD6sbc-A-A-L4H1
BD6sbe-A-A-L4E1	BD6sbe-A-A-L4E1
BD6sc1-E-E-L5W1	BD1fjq-A-A-ACN1
BD6sc1-E-E-L5W1	BD1fjq-A-A-ACN3
BD6sc1-E-E-L5W1	BD1fjq-A-A-ACN4
BD6sc1-E-E-L5W1	BD1fjq-A-A-ACN5
BD6sc1-E-E-L5W1	BD2a7g-E-E-ACY1
BD6sc1-E-E-L5W1	BD6sc1-E-E-L5W1
BD6sj4-B-B-LFK1	BD6sj4-A-A-LFK1
BD6sj4-B-B-LFK1	BD6sj4-B-B-LFK1
BD6sk8-A-A-MYA1	BD4c2y-A-A-MYA1
BD6sk8-A-A-MYA1	BD4c2y-B-B-MYA1
BD6sk8-A-A-MYA1	BD5mu6-A-A-MYA1
BD6sk8-A-A-MYA1	BD5mu6-B-B-MYA1
BD6sk8-A-A-MYA1	BD5o6h-A-A-MYA1
BD6sk8-A-A-MYA1	BD5o6h-B-B-MYA1
BD6sk8-A-A-MYA1	BD6f56-A-A-MYA1
BD6sk8-A-A-MYA1	BD6f56-B-B-MYA1
BD6sk8-A-A-MYA1	BD6f56-C-C-MYA1
BD6sk8-A-A-MYA1	BD6f56-D-D-MYA1
BD6sk8-A-A-MYA1	BD6fz5-A-A-MYA1
BD6sk8-A-A-MYA1	BD6fz5-B-B-MYA1
BD6sk8-A-A-MYA1	BD6sk8-A-A-MYA1
BD6sk8-A-A-MYA1	BD6sk8-B-B-MYA1
BD6su4-X-X-LFA11	BD6su4-A-A-OLC2
BD6su4-X-X-LFA11	BD6su4-X-X-LFA11
BD6t0f-D-D-K2B1	BD6t0f-C-C-K2B1
BD6t0f-D-D-K2B1	BD6t0f-D-D-K2B1
BD6t5m-D-D-PYR1	BD6t5m-A-A-PYR1
BD6t5m-D-D-PYR1	BD6t5m-B-B-PYR1
BD6t5m-D-D-PYR1	BD6t5m-C-C-PYR1
BD6t5m-D-D-PYR1	BD6t5m-D-D-PYR1
BD6t6r-A-A-MNZ1	BD6t6r-A-A-MNZ1
BD6tbe-A-A-NOV1	BD6tbe-A-A-NOV1
BD6tdg-A-A-ACO1	BD2vez-A-A-ACO1
BD6tdg-A-A-ACO1	BD6tdg-A-A-ACO1
BD6tdg-A-A-ACO1	BD6tdh-A-A-ACO1
BD6tp1-A-A-ACY2	BD6toy-A-A-ACY1
BD6tp1-A-A-ACY2	BD6toy-A-A-ACY2
BD6tp1-A-A-ACY2	BD6toy-A-A-ACY3
BD6tp1-A-A-ACY2	BD6toz-A-A-ACY1
BD6tp1-A-A-ACY2	BD6toz-A-A-ACY2
BD6tp1-A-A-ACY2	BD6toz-A-A-ACY3
BD6tp1-A-A-ACY2	BD6tp1-A-A-ACY1
BD6tp1-A-A-ACY2	BD6tp1-A-A-ACY2
BD6tp8-C-C-NTK1	BD6tp8-C-C-NTK1
BD6u1u-A-A-PLM1	BD6u1u-A-A-PLM1
BD6uaf-A-A-HIW1	BD6uaf-A-A-HIW1
BD6uex-A-A-Q5S1	BD6uex-A-A-Q5S1
BD6ull-A-A-RWI1	BD6ull-A-A-RWI1
BD6uqb-B-B-MLA2	BD6uoi-A-A-MLA3
BD6uqb-B-B-MLA2	BD6uoi-B-B-MLA3
BD6uqb-B-B-MLA2	BD6up9-A-A-MLA3
BD6uqb-B-B-MLA2	BD6up9-B-B-MLA3
BD6uqb-B-B-MLA2	BD6uqb-A-A-MLA2
BD6uqb-B-B-MLA2	BD6uqb-B-B-MLA2
BD6uqx-B-B-PPI1	BD6uqv-A-A-BUA1
BD6uqx-B-B-PPI1	BD6uqx-B-B-PPI1
BD6uto-B-B-G3P1	BD6utn-A-A-G3P1
BD6uto-B-B-G3P1	BD6uto-A-A-G3P1
BD6uto-B-B-G3P1	BD6uto-B-B-G3P1
BD6v5m-A-A-SIN2	BD6v5m-A-A-SIN1
BD6v5m-A-A-SIN2	BD6v5m-A-A-SIN2
BD6vc2-A-A-QU71	BD3plz-B-B-4701
BD6vc2-A-A-QU71	BD6vc2-A-A-QU71
BD6vpf-C-C-53Q1	BD2pog-B-B-WST1
BD6vpf-C-C-53Q1	BD2q70-B-B-DC81
BD6vpf-C-C-53Q1	BD6vpf-B-B-53Q1
BD6vpf-C-C-53Q1	BD6vpf-C-C-53Q1
BD6vta-B-B-ACO1	BD6vta-A-A-ACO1
BD6vta-B-B-ACO1	BD6vta-B-B-ACO1
BD6vwr-A-A-SIN1	BD6vwq-A-A-SIN1
BD6vwr-A-A-SIN1	BD6vwr-A-A-SIN1
BD6w08-A-A-ACY1	BD6w08-A-A-ACY1
BD6w9m-A-A-TUV1	BD6w9l-A-A-TUS1
BD6w9m-A-A-TUV1	BD6w9m-A-A-TUV1
BD6wfo-A-A-ACO1	BD6wfn-A-A-ACO1
BD6wfo-A-A-ACO1	BD6wfo-A-A-ACO1
BD6wfo-A-A-ACO1	BD6wfo-C-C-ACO1
BD6wgw-A-A-CAH1	BD4c9p-A-A-CAM1
BD6wgw-A-A-CAH1	BD6wgw-A-A-CAH1
BD6wqb-A-A-ACO1	BD6wqb-A-A-ACO1
BD6xbv-A-A-KFV1	BD6xbr-A-A-KFV1
BD6xbv-A-A-KFV1	BD6xbs-A-A-KFV1
BD6xbv-A-A-KFV1	BD6xbv-A-A-KFV1
BD6xc0-A-A-SIN1	BD6xc0-A-A-SIN1
BD6xo1-B-B-MLA1	BD6xno-A-A-MLA1
BD6xo1-B-B-MLA1	BD6xno-B-B-MLA1
BD6xo1-B-B-MLA1	BD6xo1-A-A-MLA1
BD6xo1-B-B-MLA1	BD6xo1-B-B-MLA1
BD6xok-A-A-LTV1	BD6o8v-A-A-LTV1
BD6xok-A-A-LTV1	BD6xok-A-A-LTV1
BD6y1u-B-B-4HC2	BD6y1u-B-B-4HC1
BD6y1u-B-B-4HC2	BD6y1u-B-B-4HC2
BD6y8s-A-A-NM21	BD6y8s-A-A-NM21
BD6yf3-A-A-OOZ1	BD1bkf-A-A-FK51
BD6yf3-A-A-OOZ1	BD1fkf-A-A-FK51
BD6yf3-A-A-OOZ1	BD1fkj-A-A-FK51
BD6yf3-A-A-OOZ1	BD1fkl-A-A-RAP1
BD6yf3-A-A-OOZ1	BD2dg3-A-A-RAP1
BD6yf3-A-A-OOZ1	BD2dg4-A-A-RAP1
BD6yf3-A-A-OOZ1	BD2fke-A-A-FK51
BD6yf3-A-A-OOZ1	BD6yf0-A-A-8181
BD6yf3-A-A-OOZ1	BD6yf1-A-A-OP81
BD6yf3-A-A-OOZ1	BD6yf2-A-A-OP51
BD6yf3-A-A-OOZ1	BD6yf3-A-A-OOZ1
BD6yoe-A-A-ACY1	BD2hub-A-A-PPI1
BD6yoe-A-A-ACY1	BD5kki-A-A-ACY1
BD6yoe-A-A-ACY1	BD6yoc-A-A-ACY1
BD6yoe-A-A-ACY1	BD6yoe-A-A-ACY1
BD6ypa-B-B-P6W1	BD6ypa-A-A-P6W1
BD6ypa-B-B-P6W1	BD6ypa-B-B-P6W1
BD6ypa-B-B-P6W1	BD6ypa-C-C-P6W1
BD6ypa-B-B-P6W1	BD6ypa-D-D-P6W1
BD6z5e-A-A-SIN1	BD6z5c-A-A-SIN1
BD6z5e-A-A-SIN1	BD6z5d-A-A-SIN1
BD6z5e-A-A-SIN1	BD6z5e-A-A-SIN1
BD6z69-A-A-4MU1	BD6z69-A-A-4MU1
BD6zfg-B-B-FSC1	BD6zfg-B-B-FSC1
BD6zr3-B-B-ACY1	BD6zqr-A-A-ACY1
BD6zr3-B-B-ACY1	BD6zqr-B-B-ACY1
BD6zr3-B-B-ACY1	BD6zqr-B-B-ACY2
BD6zr3-B-B-ACY1	BD6zqx-B-B-ACY1
BD6zr3-B-B-ACY1	BD6zqx-B-B-ACY2
BD6zr3-B-B-ACY1	BD6zqx-B-B-ACY3
BD6zr3-B-B-ACY1	BD6zqy-A-A-ACY1
BD6zr3-B-B-ACY1	BD6zqy-B-B-ACY1
BD6zr3-B-B-ACY1	BD6zqy-B-B-ACY2
BD6zr3-B-B-ACY1	BD6zr0-A-A-ACY1
BD6zr3-B-B-ACY1	BD6zr0-A-A-ACY2
BD6zr3-B-B-ACY1	BD6zr0-B-B-ACY1
BD6zr3-B-B-ACY1	BD6zr3-B-B-ACY1
BD6ztu-A-A-0RE1	BD6ztu-A-A-0RE1
BD6zzo-B-B-AAE1	BD6zzo-B-B-AAE1
BD6zzs-F-F-QT81	BD6zzs-B-B-QT81
BD6zzs-F-F-QT81	BD6zzs-F-F-QT81
BD7a5v-A-A-R161	BD7a5v-A-A-D101
BD7a5v-A-A-R161	BD7a5v-A-A-D102
BD7a5v-A-A-R161	BD7a5v-A-A-D103
BD7a5v-A-A-R161	BD7a5v-A-A-D104
BD7a5v-A-A-R161	BD7a5v-A-A-OCT1
BD7a5v-A-A-R161	BD7a5v-A-A-R161
BD7a77-A-A-PLM1	BD4zsh-A-A-4XW1
BD7a77-A-A-PLM1	BD6sti-A-A-7541
BD7a77-A-A-PLM1	BD7a77-A-A-PLM1
BD7a77-A-A-PLM1	BD7a78-A-A-PLM1
BD7aw6-B-B-FVP1	BD6d49-B-B-FVP1
BD7aw6-B-B-FVP1	BD6d4a-B-B-FVP1
BD7aw6-B-B-FVP1	BD7aw6-A-A-FVP1
BD7aw6-B-B-FVP1	BD7aw6-B-B-FVP1
BD7awd-A-A-NQD2	BD3u9q-A-A-DKA1
BD7awd-A-A-NQD2	BD7awd-A-A-NQD2
BD7ayb-A-A-ACY2	BD7ayb-A-A-ACY2
BD7b0p-A-A-OLC4	BD7b0p-A-A-OLC4
BD7b4j-B-B-SIN1	BD6tb0-B-B-SIN1
BD7b4j-B-B-SIN1	BD6tb1-B-B-SIN1
BD7b4j-B-B-SIN1	BD7b4j-B-B-SIN1
BD7b6b-A-A-SZQ2	BD7b6b-A-A-SZQ2
BD7bm3-A-A-ROA3	BD7bm3-A-A-ROA3
BD7byt-A-A-ACY2	BD7byt-A-A-ACY2
BD7c2x-A-A-FJL1	BD7c2x-A-A-FJL1
BD7c60-A-A-NF32	BD6lrz-A-A-EOU2
BD7c60-A-A-NF32	BD7c60-A-A-NF32
BD7c6p-A-A-SQH1	BD7c6p-A-A-SQH1
BD7cbn-A-A-MLA2	BD7cbn-A-A-MLA1
BD7cbn-A-A-MLA2	BD7cbn-A-A-MLA2
BD7cc3-B-B-FV31	BD7cav-B-B-FQ01
BD7cc3-B-B-FV31	BD7cav-D-D-DMA1
BD7cc3-B-B-FV31	BD7cav-F-F-FQ01
BD7cc3-B-B-FV31	BD7cav-G-G-FQ01
BD7cc3-B-B-FV31	BD7cc3-A-A-FQ01
BD7cc3-B-B-FV31	BD7cc3-A-A-FQF1
BD7cc3-B-B-FV31	BD7cc3-B-B-FQ01
BD7cc3-B-B-FV31	BD7cc3-B-B-FV31
BD7cc3-B-B-FV31	BD7cc3-C-C-FV31
BD7cc3-B-B-FV31	BD7cc3-D-D-FQ01
BD7cc3-B-B-FV31	BD7cc3-E-E-FQ01
BD7cc3-B-B-FV31	BD7cc3-E-E-FQF1
BD7cc3-B-B-FV31	BD7cc3-E-E-FV31
BD7cc3-B-B-FV31	BD7cc3-F-F-FQ01
BD7cc3-B-B-FV31	BD7cc3-F-F-FV31
BD7cc3-B-B-FV31	BD7cc3-H-H-FQF1
BD7ccw-A-A-STL1	BD5av0-A-A-47X1
BD7ccw-A-A-STL1	BD7ccw-A-A-STL1
BD7ccw-A-A-STL1	BD8ie6-A-A-8KZ1
BD7ccw-A-A-STL1	BD8ie8-A-A-P5O1
BD7cip-C-C-6NA1	BD6kf7-A-A-6NA1
BD7cip-C-C-6NA1	BD7cip-C-C-6NA1
BD7cl8-A-A-TES1	BD7cl8-A-A-TES1
BD7cl8-A-A-TES1	BD7cl9-A-A-ASD1
BD7cqm-B-B-79M5	BD5xj5-A-A-78M2
BD7cqm-B-B-79M5	BD5xj5-A-A-78M4
BD7cqm-B-B-79M5	BD5xj7-A-A-78M4
BD7cqm-B-B-79M5	BD5xj9-A-A-78M2
BD7cqm-B-B-79M5	BD5xj9-A-A-78M8
BD7cqm-B-B-79M5	BD7cqm-A-A-79M3
BD7cqm-B-B-79M5	BD7cqm-B-B-79M2
BD7cqm-B-B-79M5	BD7cqm-B-B-79M5
BD7cy0-A-A-ACY1	BD7cy0-A-A-ACY1
BD7d0p-A-A-1VU1	BD7d0p-A-A-1VU1
BD7d5c-A-A-GVU1	BD7d5c-A-A-GVU1
BD7dqm-B-B-CWE1	BD7dqm-B-B-CWE1
BD7dxz-A-A-MLA1	BD7dxz-A-A-MLA1
BD7e5v-C-C-HZC3	BD7e5v-A-A-HZC1
BD7e5v-C-C-HZC3	BD7e5v-B-B-HZC1
BD7e5v-C-C-HZC3	BD7e5v-B-B-HZC3
BD7e5v-C-C-HZC3	BD7e5v-C-C-HZC1
BD7e5v-C-C-HZC3	BD7e5v-C-C-HZC2
BD7e5v-C-C-HZC3	BD7e5v-C-C-HZC3
BD7e7f-A-A-CHD2	BD7e7f-A-A-CHD2
BD7ea4-B-B-SIN2	BD7ea4-A-A-SIN2
BD7ea4-B-B-SIN2	BD7ea4-B-B-SIN2
BD7ebw-B-B-6741	BD7ebu-A-A-ZF11
BD7ebw-B-B-6741	BD7ebu-B-B-ZF11
BD7ebw-B-B-6741	BD7ebu-C-C-ZF11
BD7ebw-B-B-6741	BD7ebu-D-D-ZF11
BD7ebw-B-B-6741	BD7ebv-D-D-LU21
BD7ebw-B-B-6741	BD7ebw-A-A-6741
BD7ebw-B-B-6741	BD7ebw-B-B-6741
BD7ebw-B-B-6741	BD7ebw-C-C-6741
BD7ecr-C-C-SIN1	BD7ecr-A-A-SIN1
BD7ecr-C-C-SIN1	BD7ecr-B-B-SIN1
BD7ecr-C-C-SIN1	BD7ecr-C-C-SIN1
BD7ekd-A-A-J5X1	BD7ekd-A-A-J5X1
BD7es1-A-A-JDF1	BD7erx-A-A-JC61
BD7es1-A-A-JDF1	BD7es0-A-A-3E61
BD7es1-A-A-JDF1	BD7es1-A-A-JDF1
BD7f22-B-B-PYR1	BD2e77-A-A-PYR1
BD7f22-B-B-PYR1	BD2e77-B-B-PYR1
BD7f22-B-B-PYR1	BD2e77-D-D-PYR1
BD7f22-B-B-PYR1	BD4rje-A-A-PYR1
BD7f22-B-B-PYR1	BD4rje-B-B-PYR1
BD7f22-B-B-PYR1	BD4rje-C-C-PYR1
BD7f22-B-B-PYR1	BD4rje-D-D-PYR1
BD7f22-B-B-PYR1	BD4yl2-A-A-PYR1
BD7f22-B-B-PYR1	BD4yl2-B-B-PYR1
BD7f22-B-B-PYR1	BD4yl2-C-C-PYR1
BD7f22-B-B-PYR1	BD4yl2-D-D-PYR1
BD7f22-B-B-PYR1	BD7f22-B-B-PYR1
BD7fhb-A-A-GPP1	BD7fhb-A-A-GPP1
BD7fo6-B-B-WCB1	BD7fo6-B-B-WCB1
BD7fol-A-A-W6R1	BD7flg-A-A-L5W1
BD7fol-A-A-W6R1	BD7fo6-A-A-WCB1
BD7fol-A-A-W6R1	BD7fol-A-A-W6R1
BD7fzq-A-A-MYR1	BD1hms-A-A-OLA1
BD7fzq-A-A-MYR1	BD1hmt-A-A-STE1
BD7fzq-A-A-MYR1	BD3wvm-A-A-STE1
BD7fzq-A-A-MYR1	BD3wxq-A-A-STE1
BD7fzq-A-A-MYR1	BD4tjz-A-A-DKA1
BD7fzq-A-A-MYR1	BD4tkh-A-A-MYR1
BD7fzq-A-A-MYR1	BD4tkj-A-A-PLM1
BD7fzq-A-A-MYR1	BD4wbk-A-A-STE1
BD7fzq-A-A-MYR1	BD5b27-A-A-PLM1
BD7fzq-A-A-MYR1	BD5b28-A-A-PLM1
BD7fzq-A-A-MYR1	BD5b29-A-A-PLM1
BD7fzq-A-A-MYR1	BD7fbf-A-A-OCA1
BD7fzq-A-A-MYR1	BD7fbm-A-A-ACY1
BD7fzq-A-A-MYR1	BD7fc4-A-A-ACY1
BD7fzq-A-A-MYR1	BD7fcx-A-A-6NA1
BD7fzq-A-A-MYR1	BD7fdt-A-A-ELA1
BD7fzq-A-A-MYR1	BD7fdu-A-A-X901
BD7fzq-A-A-MYR1	BD7fez-A-A-4I11
BD7fzq-A-A-MYR1	BD7ffk-A-A-PAM1
BD7fzq-A-A-MYR1	BD7fg1-A-A-TDA1
BD7fzq-A-A-MYR1	BD7fg5-A-A-DKA1
BD7fzq-A-A-MYR1	BD7fzq-A-A-MYR1
BD7fzq-A-A-MYR1	BD7v2g-A-A-PLM1
BD7fzq-A-A-MYR1	BD7vb1-A-A-VCA1
BD7fzq-A-A-MYR1	BD7wci-A-A-KNA1
BD7fzq-A-A-MYR1	BD7we5-A-A-OLA1
BD7fzq-A-A-MYR1	BD7wom-A-A-EPA1
BD7fzq-A-A-MYR1	BD7wpg-A-A-DKL1
BD7fzq-A-A-MYR1	BD7wpu-A-A-11A1
BD7fzq-A-A-MYR1	BD7wpw-A-A-F151
BD7fzq-A-A-MYR1	BD7x48-A-A-KNA1
BD7fzq-A-A-MYR1	BD7x4j-A-A-DCR1
BD7fzq-A-A-MYR1	BD7x50-A-A-87K1
BD7h8x-D-D-COU1	BD7h8x-D-D-COU1
BD7jfz-A-A-SIN1	BD7jfz-A-A-SIN1
BD7jrw-A-A-VHY1	BD7jrw-A-A-VHY1
BD7lcb-A-A-XYV1	BD7ko6-A-A-WUD1
BD7lcb-A-A-XYV1	BD7lcb-A-A-XYV1
BD7lui-A-A-TCH1	BD7lui-A-A-TCH1
BD7m6c-A-A-DAO1	BD6b83-B-B-6NA1
BD7m6c-A-A-DAO1	BD7m6c-A-A-DAO1
BD7me4-A-A-PAM1	BD7me4-A-A-PAM1
BD7mx4-A-A-MLA1	BD7mx4-A-A-D121
BD7mx4-A-A-MLA1	BD7mx4-A-A-MLA1
BD7mx4-A-A-MLA1	BD7mx4-A-A-ZP71
BD7my0-B-B-IPE1	BD7my0-B-B-IPE1
BD7n8o-b-b-BCR2	BD7n8o-B-B-BCR2
BD7n8o-b-b-BCR2	BD7n8o-b-b-BCR2
BD7nin-A-A-UFK1	BD7nim-A-A-UFK1
BD7nin-A-A-UFK1	BD7nin-A-A-UFK1
BD7o0k-B-B-CHD2	BD7o0k-B-B-CHD2
BD7o1z-A-A-1BO2	BD7o1z-A-A-1BO1
BD7o1z-A-A-1BO2	BD7o1z-A-A-1BO2
BD7o25-A-A-PYR1	BD5few-A-A-CPS1
BD7o25-A-A-PYR1	BD5ff0-A-A-CPS1
BD7o25-A-A-PYR1	BD5ff2-A-A-CPS1
BD7o25-A-A-PYR1	BD7o1s-A-A-CPS1
BD7o25-A-A-PYR1	BD7o1t-A-A-PYR1
BD7o25-A-A-PYR1	BD7o25-A-A-PYR1
BD7o8z-A-A-OLA2	BD5b2n-A-A-HEX1
BD7o8z-A-A-OLA2	BD5b2n-A-A-OCT2
BD7o8z-A-A-OLA2	BD5b2n-A-A-OCT3
BD7o8z-A-A-OLA2	BD5g28-A-A-OLA2
BD7o8z-A-A-OLA2	BD5g2d-A-A-OLA7
BD7o8z-A-A-OLA2	BD5ztl-A-A-OLA2
BD7o8z-A-A-OLA2	BD5ztl-A-A-OLA5
BD7o8z-A-A-OLA2	BD6aba-A-A-OLA2
BD7o8z-A-A-OLA2	BD7cri-A-A-OLA2
BD7o8z-A-A-OLA2	BD7crj-A-A-OLA2
BD7o8z-A-A-OLA2	BD7crj-A-A-OLA5
BD7o8z-A-A-OLA2	BD7crt-A-A-OLA2
BD7o8z-A-A-OLA2	BD7crx-A-A-OLA2
BD7o8z-A-A-OLA2	BD7cry-A-A-OLA5
BD7o8z-A-A-OLA2	BD7o8f-A-A-OLA1
BD7o8z-A-A-OLA2	BD7o8f-A-A-OLA6
BD7o8z-A-A-OLA2	BD7o8f-A-A-OLC1
BD7o8z-A-A-OLA2	BD7o8f-A-A-OLC2
BD7o8z-A-A-OLA2	BD7o8g-A-A-OLA1
BD7o8z-A-A-OLA2	BD7o8g-A-A-OLC1
BD7o8z-A-A-OLA2	BD7o8g-A-A-OLC2
BD7o8z-A-A-OLA2	BD7o8g-A-A-OLC3
BD7o8z-A-A-OLA2	BD7o8h-A-A-OLA1
BD7o8z-A-A-OLA2	BD7o8h-A-A-OLC1
BD7o8z-A-A-OLA2	BD7o8i-A-A-OLA1
BD7o8z-A-A-OLA2	BD7o8i-A-A-OLC1
BD7o8z-A-A-OLA2	BD7o8j-A-A-OLA1
BD7o8z-A-A-OLA2	BD7o8j-A-A-OLA2
BD7o8z-A-A-OLA2	BD7o8j-A-A-OLA5
BD7o8z-A-A-OLA2	BD7o8k-A-A-OLA1
BD7o8z-A-A-OLA2	BD7o8k-A-A-OLA4
BD7o8z-A-A-OLA2	BD7o8k-A-A-OLC1
BD7o8z-A-A-OLA2	BD7o8k-A-A-OLC2
BD7o8z-A-A-OLA2	BD7o8k-A-A-OLC3
BD7o8z-A-A-OLA2	BD7o8l-A-A-OLA1
BD7o8z-A-A-OLA2	BD7o8l-A-A-OLA2
BD7o8z-A-A-OLA2	BD7o8y-A-A-OLA1
BD7o8z-A-A-OLA2	BD7o8y-A-A-OLA6
BD7o8z-A-A-OLA2	BD7o8y-A-A-OLC2
BD7o8z-A-A-OLA2	BD7o8z-A-A-OLA1
BD7o8z-A-A-OLA2	BD7o8z-A-A-OLA2
BD7okv-A-A-HEX1	BD7okv-A-A-D101
BD7okv-A-A-HEX1	BD7okv-A-A-HEX1
BD7ots-A-A-OLA1	BD7ots-A-A-OLA1
BD7p9a-A-A-4KX1	BD7p9a-A-A-4KX1
BD7p9a-A-A-4KX1	BD7p9x-A-A-4KW1
BD7p9a-A-A-4KX1	BD7p9x-B-B-4KW1
BD7p9a-A-A-4KX1	BD7p9x-C-C-4KW1
BD7p9a-A-A-4KX1	BD7p9x-D-D-4KW1
BD7pae-B-B-ACY1	BD7pae-B-B-ACY1
BD7pk0-A-A-BYC1	BD7pk0-A-A-BYC1
BD7pna-A-A-7UT1	BD7pna-A-A-7UT1
BD7ptf-B-B-NOV1	BD7ptf-A-A-NOV1
BD7ptf-B-B-NOV1	BD7ptf-B-B-NOV1
BD7pzf-D-D-C144	BD7pzf-D-D-C141
BD7pzf-D-D-C144	BD7pzf-D-D-C144
BD7q02-A-A-PAM1	BD7q02-A-A-PAM1
BD7q2c-A-A-3AV2	BD7q2c-A-A-3AV2
BD7q38-A-A-OLA1	BD3hap-A-A-D102
BD7q38-A-A-OLA1	BD3hap-A-A-D103
BD7q38-A-A-OLA1	BD3hap-A-A-D122
BD7q38-A-A-OLA1	BD3hap-A-A-D123
BD7q38-A-A-OLA1	BD3hap-A-A-D124
BD7q38-A-A-OLA1	BD3hap-A-A-D127
BD7q38-A-A-OLA1	BD3hap-A-A-D128
BD7q38-A-A-OLA1	BD3hap-A-A-DD91
BD7q38-A-A-OLA1	BD3hap-A-A-R161
BD7q38-A-A-OLA1	BD3has-A-A-D101
BD7q38-A-A-OLA1	BD3has-A-A-D102
BD7q38-A-A-OLA1	BD3has-A-A-D121
BD7q38-A-A-OLA1	BD3has-A-A-D123
BD7q38-A-A-OLA1	BD3has-A-A-OCT1
BD7q38-A-A-OLA1	BD3has-A-A-R161
BD7q38-A-A-OLA1	BD4hyx-A-A-D101
BD7q38-A-A-OLA1	BD4hyx-A-A-D103
BD7q38-A-A-OLA1	BD4hyx-A-A-D104
BD7q38-A-A-OLA1	BD4hyx-A-A-D105
BD7q38-A-A-OLA1	BD4hyx-A-A-OCT1
BD7q38-A-A-OLA1	BD4hyx-B-B-D103
BD7q38-A-A-OLA1	BD4hyx-B-B-OCT1
BD7q38-A-A-OLA1	BD4hyx-B-B-OCT2
BD7q38-A-A-OLA1	BD4y9h-A-A-D102
BD7q38-A-A-OLA1	BD4y9h-A-A-D122
BD7q38-A-A-OLA1	BD4y9h-A-A-D123
BD7q38-A-A-OLA1	BD4y9h-A-A-D126
BD7q38-A-A-OLA1	BD4y9h-A-A-D127
BD7q38-A-A-OLA1	BD4y9h-A-A-DD91
BD7q38-A-A-OLA1	BD4y9h-A-A-R161
BD7q38-A-A-OLA1	BD6ga1-A-A-C141
BD7q38-A-A-OLA1	BD6ga1-A-A-D101
BD7q38-A-A-OLA1	BD6ga1-A-A-DD91
BD7q38-A-A-OLA1	BD6ga1-A-A-HP61
BD7q38-A-A-OLA1	BD6ga1-A-A-MYS1
BD7q38-A-A-OLA1	BD6ga1-A-A-OCT1
BD7q38-A-A-OLA1	BD6ga1-A-A-OCT2
BD7q38-A-A-OLA1	BD6ga1-A-A-UND1
BD7q38-A-A-OLA1	BD6ga1-A-A-UND2
BD7q38-A-A-OLA1	BD6ga2-A-A-C141
BD7q38-A-A-OLA1	BD6ga2-A-A-D101
BD7q38-A-A-OLA1	BD6ga2-A-A-DD91
BD7q38-A-A-OLA1	BD6ga2-A-A-HP61
BD7q38-A-A-OLA1	BD6ga2-A-A-MYS1
BD7q38-A-A-OLA1	BD6ga2-A-A-OCT1
BD7q38-A-A-OLA1	BD6ga2-A-A-OCT2
BD7q38-A-A-OLA1	BD6ga2-A-A-OCT3
BD7q38-A-A-OLA1	BD6ga2-A-A-TRD1
BD7q38-A-A-OLA1	BD6ga2-A-A-UND1
BD7q38-A-A-OLA1	BD6ga2-A-A-UND2
BD7q38-A-A-OLA1	BD6ga4-A-A-C141
BD7q38-A-A-OLA1	BD6ga4-A-A-D101
BD7q38-A-A-OLA1	BD6ga4-A-A-DD91
BD7q38-A-A-OLA1	BD6ga4-A-A-HP61
BD7q38-A-A-OLA1	BD6ga4-A-A-MYS1
BD7q38-A-A-OLA1	BD6ga4-A-A-OCT1
BD7q38-A-A-OLA1	BD6ga4-A-A-OCT2
BD7q38-A-A-OLA1	BD6ga4-A-A-UND1
BD7q38-A-A-OLA1	BD6ga4-A-A-UND2
BD7q38-A-A-OLA1	BD6ga5-A-A-C141
BD7q38-A-A-OLA1	BD6ga5-A-A-DD91
BD7q38-A-A-OLA1	BD6ga5-A-A-HP61
BD7q38-A-A-OLA1	BD6ga5-A-A-MYS1
BD7q38-A-A-OLA1	BD6ga5-A-A-OCT2
BD7q38-A-A-OLA1	BD6ga5-A-A-UND1
BD7q38-A-A-OLA1	BD6ga5-A-A-UND2
BD7q38-A-A-OLA1	BD6ga6-A-A-DD91
BD7q38-A-A-OLA1	BD6ga6-A-A-HP61
BD7q38-A-A-OLA1	BD6ga6-A-A-MYS1
BD7q38-A-A-OLA1	BD6ga6-A-A-OCT1
BD7q38-A-A-OLA1	BD6ga6-A-A-OCT2
BD7q38-A-A-OLA1	BD6ga6-A-A-UND1
BD7q38-A-A-OLA1	BD6ga6-A-A-UND2
BD7q38-A-A-OLA1	BD6ga7-A-A-C141
BD7q38-A-A-OLA1	BD6ga7-A-A-DD91
BD7q38-A-A-OLA1	BD6ga7-A-A-HP61
BD7q38-A-A-OLA1	BD6ga7-A-A-MYS1
BD7q38-A-A-OLA1	BD6ga7-A-A-OCT2
BD7q38-A-A-OLA1	BD6ga7-A-A-OCT3
BD7q38-A-A-OLA1	BD6ga7-A-A-TRD1
BD7q38-A-A-OLA1	BD6ga7-A-A-UND1
BD7q38-A-A-OLA1	BD6ga7-A-A-UND2
BD7q38-A-A-OLA1	BD6ga8-A-A-C141
BD7q38-A-A-OLA1	BD6ga8-A-A-DD91
BD7q38-A-A-OLA1	BD6ga8-A-A-HP61
BD7q38-A-A-OLA1	BD6ga8-A-A-MYS1
BD7q38-A-A-OLA1	BD6ga8-A-A-OCT2
BD7q38-A-A-OLA1	BD6ga8-A-A-OCT3
BD7q38-A-A-OLA1	BD6ga8-A-A-UND1
BD7q38-A-A-OLA1	BD6ga8-A-A-UND2
BD7q38-A-A-OLA1	BD6ga9-A-A-C141
BD7q38-A-A-OLA1	BD6ga9-A-A-DD91
BD7q38-A-A-OLA1	BD6ga9-A-A-HP61
BD7q38-A-A-OLA1	BD6ga9-A-A-MYS1
BD7q38-A-A-OLA1	BD6ga9-A-A-OCT2
BD7q38-A-A-OLA1	BD6ga9-A-A-OCT3
BD7q38-A-A-OLA1	BD6ga9-A-A-UND1
BD7q38-A-A-OLA1	BD6ga9-A-A-UND2
BD7q38-A-A-OLA1	BD6gaa-A-A-C141
BD7q38-A-A-OLA1	BD6gaa-A-A-DD91
BD7q38-A-A-OLA1	BD6gaa-A-A-HP61
BD7q38-A-A-OLA1	BD6gaa-A-A-MYS1
BD7q38-A-A-OLA1	BD6gaa-A-A-OCT1
BD7q38-A-A-OLA1	BD6gaa-A-A-OCT2
BD7q38-A-A-OLA1	BD6gaa-A-A-OCT3
BD7q38-A-A-OLA1	BD6gaa-A-A-UND1
BD7q38-A-A-OLA1	BD6gaa-A-A-UND2
BD7q38-A-A-OLA1	BD6gab-A-A-DD91
BD7q38-A-A-OLA1	BD6gab-A-A-HP61
BD7q38-A-A-OLA1	BD6gab-A-A-MYS1
BD7q38-A-A-OLA1	BD6gab-A-A-OCT1
BD7q38-A-A-OLA1	BD6gab-A-A-OCT2
BD7q38-A-A-OLA1	BD6gab-A-A-OCT3
BD7q38-A-A-OLA1	BD6gab-A-A-UND1
BD7q38-A-A-OLA1	BD6gab-A-A-UND2
BD7q38-A-A-OLA1	BD6gac-A-A-DD91
BD7q38-A-A-OLA1	BD6gac-A-A-HP61
BD7q38-A-A-OLA1	BD6gac-A-A-MYS1
BD7q38-A-A-OLA1	BD6gac-A-A-OCT1
BD7q38-A-A-OLA1	BD6gac-A-A-OCT2
BD7q38-A-A-OLA1	BD6gac-A-A-OCT3
BD7q38-A-A-OLA1	BD6gac-A-A-UND1
BD7q38-A-A-OLA1	BD6gac-A-A-UND2
BD7q38-A-A-OLA1	BD6gad-A-A-HP61
BD7q38-A-A-OLA1	BD6gad-A-A-MYS1
BD7q38-A-A-OLA1	BD6gad-A-A-OCT1
BD7q38-A-A-OLA1	BD6gad-A-A-OCT2
BD7q38-A-A-OLA1	BD6gad-A-A-OCT3
BD7q38-A-A-OLA1	BD6gad-A-A-UND1
BD7q38-A-A-OLA1	BD6gad-A-A-UND2
BD7q38-A-A-OLA1	BD6gae-A-A-C141
BD7q38-A-A-OLA1	BD6gae-A-A-HP61
BD7q38-A-A-OLA1	BD6gae-A-A-MYS1
BD7q38-A-A-OLA1	BD6gae-A-A-OCT1
BD7q38-A-A-OLA1	BD6gae-A-A-OCT2
BD7q38-A-A-OLA1	BD6gae-A-A-OCT3
BD7q38-A-A-OLA1	BD6gae-A-A-TRD1
BD7q38-A-A-OLA1	BD6gae-A-A-UND1
BD7q38-A-A-OLA1	BD6gaf-A-A-C141
BD7q38-A-A-OLA1	BD6gaf-A-A-DD91
BD7q38-A-A-OLA1	BD6gaf-A-A-HP61
BD7q38-A-A-OLA1	BD6gaf-A-A-MYS1
BD7q38-A-A-OLA1	BD6gaf-A-A-OCT2
BD7q38-A-A-OLA1	BD6gaf-A-A-TRD1
BD7q38-A-A-OLA1	BD6gaf-A-A-UND1
BD7q38-A-A-OLA1	BD6gag-A-A-C141
BD7q38-A-A-OLA1	BD6gag-A-A-DD91
BD7q38-A-A-OLA1	BD6gag-A-A-HP61
BD7q38-A-A-OLA1	BD6gag-A-A-MYS1
BD7q38-A-A-OLA1	BD6gag-A-A-OCT2
BD7q38-A-A-OLA1	BD6gag-A-A-TRD1
BD7q38-A-A-OLA1	BD6gag-A-A-UND1
BD7q38-A-A-OLA1	BD6gah-A-A-C141
BD7q38-A-A-OLA1	BD6gah-A-A-DD91
BD7q38-A-A-OLA1	BD6gah-A-A-HP61
BD7q38-A-A-OLA1	BD6gah-A-A-MYS1
BD7q38-A-A-OLA1	BD6gah-A-A-OCT2
BD7q38-A-A-OLA1	BD6gah-A-A-UND1
BD7q38-A-A-OLA1	BD6gai-A-A-DD91
BD7q38-A-A-OLA1	BD6gai-A-A-HP61
BD7q38-A-A-OLA1	BD6gai-A-A-MYS1
BD7q38-A-A-OLA1	BD6gai-A-A-OCT2
BD7q38-A-A-OLA1	BD6gai-A-A-UND1
BD7q38-A-A-OLA1	BD6gai-A-A-UND2
BD7q38-A-A-OLA1	BD7q38-A-A-HEX1
BD7q38-A-A-OLA1	BD7q38-A-A-HEX4
BD7q38-A-A-OLA1	BD7q38-A-A-OLA1
BD7qd2-C-C-45D1	BD7qd2-C-C-45D1
BD7qos-B-B-E8Q1	BD7qos-A-A-E8Q1
BD7qos-B-B-E8Q1	BD7qos-B-B-E8Q1
BD7rji-A-A-STE1	BD7rji-A-A-STE1
BD7s45-A-A-ACO1	BD7s45-A-A-ACO1
BD7scl-A-A-PLM1	BD5uto-B-B-PLM1
BD7scl-A-A-PLM1	BD5woo-A-A-MYR1
BD7scl-A-A-PLM1	BD5woo-B-B-MYR1
BD7scl-A-A-PLM1	BD6alw-A-A-BMJ1
BD7scl-A-A-PLM1	BD6alw-B-B-BMJ1
BD7scl-A-A-PLM1	BD6b9i-A-A-D0G1
BD7scl-A-A-PLM1	BD6b9i-B-B-D0G1
BD7scl-A-A-PLM1	BD7scl-A-A-PLM1
BD7t1e-E-E-SIN1	BD7t1e-E-E-SIN1
BD7tae-A-A-PLM1	BD7tae-A-A-PLM1
BD7tux-D-D-ACY2	BD7tux-A-A-ACY1
BD7tux-D-D-ACY2	BD7tux-C-C-ACY1
BD7tux-D-D-ACY2	BD7tux-C-C-ACY2
BD7tux-D-D-ACY2	BD7tux-D-D-ACY1
BD7tux-D-D-ACY2	BD7tux-D-D-ACY2
BD7txq-A-A-ACO1	BD7txq-A-A-ACO1
BD7u55-A-A-D121	BD7u55-A-A-D121
BD7u6j-H-H-SIN1	BD7u6j-A-A-SIN1
BD7u6j-H-H-SIN1	BD7u6j-B-B-SIN1
BD7u6j-H-H-SIN1	BD7u6j-C-C-SIN1
BD7u6j-H-H-SIN1	BD7u6j-E-E-SIN1
BD7u6j-H-H-SIN1	BD7u6j-F-F-SIN1
BD7u6j-H-H-SIN1	BD7u6j-G-G-SIN1
BD7u6j-H-H-SIN1	BD7u6j-H-H-SIN1
BD7uj7-A-A-NYU1	BD7uj7-A-A-NYU1
BD7uj7-B-B-NYU1	BD7uj7-B-B-NYU1
BD7uj7-C-C-NYU1	BD7uj7-C-C-NYU1
BD7ujo-A-A-QYM1	BD7uj7-D-D-NYU1
BD7ujo-A-A-QYM1	BD7ujo-A-A-QYM1
BD7v0h-G-G-OUO1	BD7v0h-A-A-OUO1
BD7v0h-G-G-OUO1	BD7v0h-B-B-OUO1
BD7v0h-G-G-OUO1	BD7v0h-C-C-OUO1
BD7v0h-G-G-OUO1	BD7v0h-D-D-OUO1
BD7v0h-G-G-OUO1	BD7v0h-E-E-OUO1
BD7v0h-G-G-OUO1	BD7v0h-F-F-OUO1
BD7v0h-G-G-OUO1	BD7v0h-G-G-OUO1
BD7v0h-G-G-OUO1	BD7v0h-H-H-OUO1
BD7v8w-A-A-MLA1	BD7v8w-A-A-MLA1
BD7vej-B-B-KMP1	BD7vej-B-B-KMP1
BD7vl7-A-A-7OU1	BD7vl5-A-A-BOG1
BD7vl7-A-A-7OU1	BD7vl7-A-A-7OU1
BD7vo6-A-A-MLA1	BD7vo6-A-A-MLA1
BD7vqa-B-B-DMA1	BD7vq9-B-B-FPS1
BD7vqa-B-B-DMA1	BD7vqa-A-A-DMA1
BD7vqa-B-B-DMA1	BD7vqa-B-B-DMA1
BD7vvc-A-A-ACY1	BD7vvc-A-A-ACY1
BD7w06-A-A-ITN1	BD7w06-A-A-ITN1
BD7w06-A-A-ITN1	BD7w07-A-A-ITN1
BD7w15-A-A-ERY1	BD7w15-A-A-ERY1
BD7wx7-A-A-ACO1	BD7wx7-A-A-ACO1
BD7y11-B-B-D211	BD7y11-A-A-D211
BD7y11-B-B-D211	BD7y11-B-B-D211
BD7y44-B-B-DMU1	BD7y44-B-B-DMU1
BD7ybg-A-A-MLA1	BD7ybg-A-A-MLA1
BD7yq7-b-b-BCR2	BD3wu2-B-B-BCR2
BD7yq7-b-b-BCR2	BD3wu2-b-b-BCR2
BD7yq7-b-b-BCR2	BD4ub6-B-B-BCR2
BD7yq7-b-b-BCR2	BD4ub6-b-b-BCR2
BD7yq7-b-b-BCR2	BD4ub8-B-B-BCR2
BD7yq7-b-b-BCR2	BD4ub8-b-b-BCR2
BD7yq7-b-b-BCR2	BD5b5e-B-B-BCR2
BD7yq7-b-b-BCR2	BD5b5e-b-b-BCR2
BD7yq7-b-b-BCR2	BD5b66-B-B-BCR2
BD7yq7-b-b-BCR2	BD5b66-b-b-BCR2
BD7yq7-b-b-BCR2	BD5v2c-B-B-BCR2
BD7yq7-b-b-BCR2	BD5v2c-b-b-BCR2
BD7yq7-b-b-BCR2	BD7d1t-B-B-BCR2
BD7yq7-b-b-BCR2	BD7d1t-b-b-BCR2
BD7yq7-b-b-BCR2	BD7yq2-B-B-BCR2
BD7yq7-b-b-BCR2	BD7yq2-b-b-BCR2
BD7yq7-b-b-BCR2	BD7yq7-B-B-BCR2
BD7yq7-b-b-BCR2	BD7yq7-b-b-BCR2
BD7yq7-b-b-BCR2	BD8gn2-B-B-BCR2
BD7yq7-b-b-BCR2	BD8gn2-b-b-BCR2
BD7ysx-B-B-JU31	BD7ysx-A-A-JU31
BD7ysx-B-B-JU31	BD7ysx-B-B-JU31
BD7yyb-C-C-QX41	BD7yyb-B-B-QX41
BD7yyb-C-C-QX41	BD7yyb-C-C-QX41
BD7yzx-A-A-MLA2	BD3eif-A-A-MLA1
BD7yzx-A-A-MLA2	BD7yzx-A-A-MLA1
BD7yzx-A-A-MLA2	BD7yzx-A-A-MLA2
BD7z4n-A-A-PYR1	BD7z4n-A-A-PYR1
BD7z6w-A-A-IG71	BD7z6w-A-A-IG71
BD7zfm-B-B-SIN1	BD7zfm-A-A-ACY3
BD7zfm-B-B-SIN1	BD7zfm-A-A-SIN1
BD7zfm-B-B-SIN1	BD7zfm-B-B-SIN1
BD8a0r-A-A-KML1	BD8a0o-A-A-KMC1
BD8a0r-A-A-KML1	BD8a0r-A-A-KML1
BD8a6e-A-A-OLC1	BD7zbc-A-A-OLC1
BD8a6e-A-A-OLC1	BD7zbe-A-A-OLC1
BD8a6e-A-A-OLC1	BD8a6d-A-A-OLC1
BD8a6e-A-A-OLC1	BD8a6e-A-A-OLC1
BD8a7l-A-A-GPP1	BD8a6v-A-A-IPE1
BD8a7l-A-A-GPP1	BD8a6v-B-B-IPE1
BD8a7l-A-A-GPP1	BD8a73-A-A-GPP1
BD8a7l-A-A-GPP1	BD8a73-B-B-GPP1
BD8a7l-A-A-GPP1	BD8a7c-A-A-IPE1
BD8a7l-A-A-GPP1	BD8a7c-B-B-IPE1
BD8a7l-A-A-GPP1	BD8a7j-A-A-IPE1
BD8a7l-A-A-GPP1	BD8a7j-B-B-IPE1
BD8a7l-A-A-GPP1	BD8a7k-A-A-IPE1
BD8a7l-A-A-GPP1	BD8a7k-B-B-IPE1
BD8a7l-A-A-GPP1	BD8a7l-A-A-GPP1
BD8a8r-B-B-MYR1	BD8a8r-B-B-MYR1
BD8abv-A-A-LJU1	BD8abv-A-A-LJU1
BD8abv-A-A-LJU1	BD8abw-A-A-LHX1
BD8aej-A-A-LWE1	BD8aej-A-A-LWE1
BD8avt-D-D-G3P1	BD8avt-D-D-G3P1
BD8b2p-B-B-OCA1	BD8b2p-B-B-OCA1
BD8bde-D-D-R3Q1	BD8bde-D-D-R3Q1
BD8c0q-A-A-SWU1	BD1caz-A-A-ACY1
BD8c0q-A-A-SWU1	BD2gd8-A-A-PO11
BD8c0q-A-A-SWU1	BD2x7t-A-A-WZB1
BD8c0q-A-A-SWU1	BD3bet-A-A-CTF1
BD8c0q-A-A-SWU1	BD3oik-A-A-WZB1
BD8c0q-A-A-SWU1	BD4qiy-B-B-WWX1
BD8c0q-A-A-SWU1	BD4ww6-A-A-MLA1
BD8c0q-A-A-SWU1	BD5ehv-A-A-5ON1
BD8c0q-A-A-SWU1	BD5fnk-A-A-ACY1
BD8c0q-A-A-SWU1	BD5gmn-A-A-9491
BD8c0q-A-A-SWU1	BD5ll4-A-A-MLA1
BD8c0q-A-A-SWU1	BD6e8p-A-A-HZJ1
BD8c0q-A-A-SWU1	BD6ufb-A-A-Q641
BD8c0q-A-A-SWU1	BD8c0q-A-A-SWU1
BD8cno-A-A-STL1	BD6qce-B-B-HW21
BD8cno-A-A-STL1	BD8cno-A-A-STL1
BD8cvf-A-A-SIN1	BD8cv9-A-A-SIN1
BD8cvf-A-A-SIN1	BD8cvc-A-A-SIN1
BD8cvf-A-A-SIN1	BD8cvd-A-A-SIN1
BD8cvf-A-A-SIN1	BD8cvf-A-A-SIN1
BD8e10-B-B-MLA1	BD8e10-A-A-MLA1
BD8e10-B-B-MLA1	BD8e10-B-B-MLA1
BD8eq5-A-A-QCT1	BD8eq5-A-A-QCT1
BD8f0k-R-R-PLM8	BD8f0k-R-R-PLM3
BD8f0k-R-R-PLM8	BD8f0k-R-R-PLM6
BD8f0k-R-R-PLM8	BD8f0k-R-R-PLM8
BD8fi6-A-A-MYA1	BD2wsa-A-A-MYA1
BD8fi6-A-A-MYA1	BD2wuu-A-A-NHW1
BD8fi6-A-A-MYA1	BD3h5z-A-A-MYA1
BD8fi6-A-A-MYA1	BD4a30-A-A-MYA1
BD8fi6-A-A-MYA1	BD4c7i-A-A-MYA1
BD8fi6-A-A-MYA1	BD4cgl-A-A-MYA1
BD8fi6-A-A-MYA1	BD4cgm-A-A-MYA1
BD8fi6-A-A-MYA1	BD4cgn-A-A-MYA1
BD8fi6-A-A-MYA1	BD4cgo-A-A-MYA1
BD8fi6-A-A-MYA1	BD4cgp-A-A-MYA1
BD8fi6-A-A-MYA1	BD4cyn-A-A-MYA1
BD8fi6-A-A-MYA1	BD4cyo-A-A-MYA1
BD8fi6-A-A-MYA1	BD4cyp-A-A-MYA1
BD8fi6-A-A-MYA1	BD4cyq-A-A-MYA1
BD8fi6-A-A-MYA1	BD4ucn-A-A-MYA1
BD8fi6-A-A-MYA1	BD4ucp-A-A-MYA1
BD8fi6-A-A-MYA1	BD5a27-A-A-MYA1
BD8fi6-A-A-MYA1	BD5a28-A-A-MYA1
BD8fi6-A-A-MYA1	BD5g20-A-A-MYA1
BD8fi6-A-A-MYA1	BD5g21-A-A-MYA1
BD8fi6-A-A-MYA1	BD6eu5-A-A-MYA1
BD8fi6-A-A-MYA1	BD6ewf-A-A-MYA1
BD8fi6-A-A-MYA1	BD6gnh-A-A-MYA1
BD8fi6-A-A-MYA1	BD6gns-A-A-MYA1
BD8fi6-A-A-MYA1	BD6gnt-A-A-MYA1
BD8fi6-A-A-MYA1	BD6gnu-A-A-MYA1
BD8fi6-A-A-MYA1	BD6qd9-A-A-MYA1
BD8fi6-A-A-MYA1	BD6qda-A-A-MYA1
BD8fi6-A-A-MYA1	BD6qdb-A-A-MYA1
BD8fi6-A-A-MYA1	BD6qdc-A-A-MYA1
BD8fi6-A-A-MYA1	BD6qdd-A-A-MYA1
BD8fi6-A-A-MYA1	BD6qde-A-A-MYA1
BD8fi6-A-A-MYA1	BD6qdf-A-A-MYA1
BD8fi6-A-A-MYA1	BD6qdg-A-A-MYA1
BD8fi6-A-A-MYA1	BD6qdh-A-A-MYA1
BD8fi6-A-A-MYA1	BD8fi4-A-A-MYA1
BD8fi6-A-A-MYA1	BD8fi6-A-A-MYA1
BD8fkb-A-A-FOF1	BD8fjo-A-A-Y7R1
BD8fkb-A-A-FOF1	BD8fkb-A-A-FOF1
BD8fkb-A-A-FOF1	BD8gdi-A-A-0GV1
BD8fu2-D-D-PIT3	BD5u8z-A-A-83D1
BD8fu2-D-D-PIT3	BD5u8z-B-B-83D1
BD8fu2-D-D-PIT3	BD5u8z-C-C-83D1
BD8fu2-D-D-PIT3	BD5u90-A-A-STL1
BD8fu2-D-D-PIT3	BD5u90-A-A-STL2
BD8fu2-D-D-PIT3	BD5u90-A-A-STL3
BD8fu2-D-D-PIT3	BD5u90-A-A-STL4
BD8fu2-D-D-PIT3	BD5u90-C-C-STL2
BD8fu2-D-D-PIT3	BD5u90-D-D-STL1
BD8fu2-D-D-PIT3	BD5u90-D-D-STL2
BD8fu2-D-D-PIT3	BD5u90-D-D-STL3
BD8fu2-D-D-PIT3	BD5u97-A-A-PIT2
BD8fu2-D-D-PIT3	BD5u97-B-B-PIT2
BD8fu2-D-D-PIT3	BD5u97-C-C-PIT1
BD8fu2-D-D-PIT3	BD5u97-D-D-PIT1
BD8fu2-D-D-PIT3	BD5u97-D-D-PIT2
BD8fu2-D-D-PIT3	BD5u97-D-D-PIT3
BD8fu2-D-D-PIT3	BD8fu2-A-A-PIT2
BD8fu2-D-D-PIT3	BD8fu2-B-B-PIT2
BD8fu2-D-D-PIT3	BD8fu2-C-C-PIT2
BD8fu2-D-D-PIT3	BD8fu2-D-D-PIT2
BD8fu2-D-D-PIT3	BD8fu2-D-D-PIT3
BD8gdl-A-A-PAM1	BD8gdl-A-A-PAM1
BD8glh-A-A-3IV1	BD5l2j-A-A-70E1
BD8glh-A-A-3IV1	BD5wke-A-A-P501
BD8glh-A-A-3IV1	BD8glh-A-A-3IV1
BD8gmk-B-B-PYR1	BD8gmk-A-A-PYR1
BD8gmk-B-B-PYR1	BD8gmk-B-B-PYR1
BD8got-A-A-K8U1	BD8got-A-A-K8U1
BD8gst-C-C-PYR1	BD8gst-C-C-PYR1
BD8gyn-A-A-6OU1	BD8gyn-A-A-6OU1
BD8h0m-A-A-2EH1	BD8h0m-A-A-2EH1
BD8inj-A-A-DTX1	BD8ind-A-A-6JI1
BD8inj-A-A-DTX1	BD8inj-A-A-DTX1
BD8jdx-A-A-KIV1	BD8jdb-A-A-UIT1
BD8jdx-A-A-KIV1	BD8jdg-A-A-UCU1
BD8jdx-A-A-KIV1	BD8jdo-A-A-7N61
BD8jdx-A-A-KIV1	BD8jdq-A-A-2RH1
BD8jdx-A-A-KIV1	BD8jdr-A-A-UEI1
BD8jdx-A-A-KIV1	BD8jds-A-A-PYR1
BD8jdx-A-A-KIV1	BD8jdt-A-A-2KT1
BD8jdx-A-A-KIV1	BD8jdu-A-A-69O1
BD8jdx-A-A-KIV1	BD8jdv-A-A-7N51
BD8jdx-A-A-KIV1	BD8jdx-A-A-KIV1
BD8jjt-C-C-UD11	BD8jjt-A-A-UD11
BD8jjt-C-C-UD11	BD8jjt-B-B-UD11
BD8jjt-C-C-UD11	BD8jjt-C-C-UD11
BD8jv1-A-A-ABU1	BD8jv1-A-A-ABU1
BD8jyf-B-B-DMA1	BD8jy9-B-B-H6P1
BD8jyf-B-B-DMA1	BD8jyf-B-B-DMA1
BD8olj-B-B-ACY1	BD8olj-B-B-ACY1
BD8p7k-B-B-E5N1	BD8p7k-A-A-E5N1
BD8p7k-B-B-E5N1	BD8p7k-B-B-E5N1
BD8pu1-A-A-POL2	BD8pu1-A-A-POL1
BD8pu1-A-A-POL2	BD8pu1-A-A-POL2
BD8pz4-A-A-78N3	BD4afk-A-A-78M1
BD8pz4-A-A-78N3	BD4afk-A-A-78M2
BD8pz4-A-A-78N3	BD4afk-A-A-78N2
BD8pz4-A-A-78N3	BD8pz4-A-A-78M2
BD8pz4-A-A-78N3	BD8pz4-A-A-78N1
BD8pz4-A-A-78N3	BD8pz4-A-A-78N3
BD8q2p-A-A-OLC1	BD8q2p-A-A-OLC1
BD8r5d-B-B-MLA1	BD8r5b-B-B-ACY2
BD8r5d-B-B-MLA1	BD8r5d-A-A-MLA1
BD8r5d-B-B-MLA1	BD8r5d-B-B-MLA1
BD8r5v-A-A-TF41	BD8r5v-A-A-TF41
BD8s4c-B-B-DZA1	BD8s4c-B-B-DZA1
BD8sfu-B-B-ZWN1	BD8sfu-B-B-ZWN1
BD8t5t-A-A-STE1	BD8t5t-A-A-STE1
BD8ur2-B-B-PYR1	BD8ur2-B-B-PYR1
BD8v09-A-A-ACY2	BD8v09-A-A-ACY1
BD8v09-A-A-ACY2	BD8v09-A-A-ACY2
BD8v33-A-A-SIN1	BD8v33-A-A-SIN1
BD8vr6-A-A-5NG1	BD8vr6-A-A-5NG1
BD8w46-B-B-3RL1	BD3cn0-B-B-LJ11
BD8w46-B-B-3RL1	BD3cn1-A-A-LJ21
BD8w46-B-B-3RL1	BD3ims-A-A-IW21
BD8w46-B-B-3RL1	BD3ims-B-B-IW21
BD8w46-B-B-3RL1	BD3imu-A-A-IW41
BD8w46-B-B-3RL1	BD3imu-B-B-IW41
BD8w46-B-B-3RL1	BD3imv-B-B-IW51
BD8w46-B-B-3RL1	BD3ng5-A-A-KDH1
BD8w46-B-B-3RL1	BD3ng5-B-B-KDH1
BD8w46-B-B-3RL1	BD4pm1-A-A-ESZ1
BD8w46-B-B-3RL1	BD4pwi-A-A-ROA1
BD8w46-B-B-3RL1	BD5u4b-A-A-XOS1
BD8w46-B-B-3RL1	BD5u4c-B-B-XBS1
BD8w46-B-B-3RL1	BD8w44-A-A-EZE1
BD8w46-B-B-3RL1	BD8w44-B-B-EZE1
BD8w46-B-B-3RL1	BD8w46-A-A-3RL1
BD8w46-B-B-3RL1	BD8w46-B-B-3RL1
BD8wey-A-A-LHG1	BD8wey-A-A-LHG1
BD8wey-B-B-BCR5	BD8wey-B-B-BCR5
BD8wr2-B-B-LU21	BD8wr2-B-B-LU21
BD8yfz-A-A-BOG1	BD3wj1-A-A-BOG1
BD8yfz-A-A-BOG1	BD8yfy-A-A-BOG1
BD8yfz-A-A-BOG1	BD8yfz-A-A-BOG1
BD9bzr-A-A-MLA2	BD9bzq-A-A-SIN1
BD9bzr-A-A-MLA2	BD9bzr-A-A-MLA1
BD9bzr-A-A-MLA2	BD9bzr-A-A-MLA2
