pdb_id,classification,method
4cj6,ISOMERASE,X-RAY DIFFRACTION
5mek,TRANSFERASE,X-RAY DIFFRACTION
6j4k,TRANSCRIPTION,X-RAY DIFFRACTION
3s42,LYASE,X-RAY DIFFRACTION
3gon,TRANSFERASE,X-RAY DIFFRACTION
4nhb,TRANSPORT PROTEIN,X-RAY DIFFRACTION
5ibe,OXIDOREDUCTASE,X-RAY DIFFRACTION
6cbs,REPLICATION,X-RAY DIFFRACTION
6k6i,MEMBRANE PROTEIN,X-RAY DIFFRACTION
6zqr,SUGAR BINDING PROTEIN,X-RAY DIFFRACTION
6lrz,CYTOSOLIC PROTEIN,X-RAY DIFFRACTION
3q9w,TRANSFERASE/TRANSFERASE INHIBITOR,X-RAY DIFFRACTION
6jo0,MEMBRANE PROTEIN,X-RAY DIFFRACTION
4r37,TRANSFERASE,X-RAY DIFFRACTION
3o5r,ISOMERASE,X-RAY DIFFRACTION
6jlv,OXIDOREDUCTASE,X-RAY DIFFRACTION
3qcd,HYDROLASE/HYDROLASE INHIBITOR,X-RAY DIFFRACTION
2pwb,HYDROLASE,X-RAY DIFFRACTION
3vt7,HORMONE RECEPTOR,X-RAY DIFFRACTION
3ebo,TRANSFERASE/TRANSFERASE INHIBITOR,X-RAY DIFFRACTION
6c69,IMMUNE SYSTEM,X-RAY DIFFRACTION
1n2r,IMMUNE SYSTEM,X-RAY DIFFRACTION
7b6b,HYDROLASE,X-RAY DIFFRACTION
3dsj,LYASE,X-RAY DIFFRACTION
5j5l,LIPID BINDING PROTEIN,X-RAY DIFFRACTION
4jvl,TRANSFERASE,X-RAY DIFFRACTION
2od6,UNKNOWN FUNCTION,X-RAY DIFFRACTION
5ibd,OXIDOREDUCTASE,X-RAY DIFFRACTION
6j8q,HYDROLASE,X-RAY DIFFRACTION
5ax0,PROTON TRANSPORT,X-RAY DIFFRACTION
3gmq,IMMUNE SYSTEM,X-RAY DIFFRACTION
8jds,OXIDOREDUCTASE,X-RAY DIFFRACTION
2pog,LIPID BINDING PROTEIN,X-RAY DIFFRACTION
3r5t,METAL TRANSPORT,X-RAY DIFFRACTION
2etb,TRANSPORT PROTEIN,X-RAY DIFFRACTION
1xpm,TRANSFERASE,X-RAY DIFFRACTION
2v62,TRANSFERASE,X-RAY DIFFRACTION
5kws,OXIDOREDUCTASE,X-RAY DIFFRACTION
5upt,TRANSFERASE,X-RAY DIFFRACTION
5fvj,TRANSFERASE,X-RAY DIFFRACTION
4lrt,Lyase/OXIDOREDUCTASE,X-RAY DIFFRACTION
6g96,TRANSFERASE,X-RAY DIFFRACTION
4ze6,HYDROLASE,X-RAY DIFFRACTION
5cts,OXO-ACID-LYASE,X-RAY DIFFRACTION
1zps,HYDROLASE,X-RAY DIFFRACTION
5aob,HYDROLASE,X-RAY DIFFRACTION
4tlr,HYDROLASE,X-RAY DIFFRACTION
8inj,TRANSFERASE,X-RAY DIFFRACTION
2pr5,"FLAVOPROTEIN, SIGNALING PROTEIN",X-RAY DIFFRACTION
6j4b,ISOMERASE,X-RAY DIFFRACTION
7flg,SPLICING,X-RAY DIFFRACTION
6v5m,HYDROLASE,X-RAY DIFFRACTION
5ynt,TRANSFERASE,X-RAY DIFFRACTION
8ie6,TRANSFERASE,X-RAY DIFFRACTION
4rfr,OXIDOREDUCTASE/INHIBITOR,X-RAY DIFFRACTION
5uxy,TRANSFERASE,X-RAY DIFFRACTION
3vtc,HORMONE RECEPTOR,X-RAY DIFFRACTION
5h2d,LIPID BINDING PROTEIN,X-RAY DIFFRACTION
4psb,PLANT PROTEIN,X-RAY DIFFRACTION
3sy1,pyridoxal phosphate binding,X-RAY DIFFRACTION
3g1r,OXIDOREDUCTASE,X-RAY DIFFRACTION
4tmt,TRANSLATION,X-RAY DIFFRACTION
5i03,TRANSFERASE,X-RAY DIFFRACTION
5ytm,OXIDOREDUCTASE,X-RAY DIFFRACTION
7q2c,TRANSFERASE,X-RAY DIFFRACTION
3n12,HYDROLASE,X-RAY DIFFRACTION
3gze,HYDROLASE,X-RAY DIFFRACTION
5kzv,SIGNALING PROTEIN,X-RAY DIFFRACTION
4znv,TRANSCRIPTION,X-RAY DIFFRACTION
7cl8,OXIDOREDUCTASE,X-RAY DIFFRACTION
6rnk,MEMBRANE PROTEIN,X-RAY DIFFRACTION
7jfz,HYDROLASE,X-RAY DIFFRACTION
5hj5,HYDROLASE,X-RAY DIFFRACTION
5x9i,HYDROLASE,X-RAY DIFFRACTION
6dcm,BLOOD CLOTTING,X-RAY DIFFRACTION
8ur2,CYTOKINE,X-RAY DIFFRACTION
7w06,TRANSCRIPTION,X-RAY DIFFRACTION
3uzy,OXIDOREDUCTASE,X-RAY DIFFRACTION
4s39,OXIDOREDUCTASE,X-RAY DIFFRACTION
2wo1,TRANSFERASE,X-RAY DIFFRACTION
2b00,HYDROLASE,X-RAY DIFFRACTION
6kfd,LYASE,X-RAY DIFFRACTION
3gkj,TRANSPORT PROTEIN,X-RAY DIFFRACTION
5oei,TRANSPORT PROTEIN,X-RAY DIFFRACTION
8jdt,OXIDOREDUCTASE,X-RAY DIFFRACTION
4fyr,HYDROLASE/HYDROLASE INHIBITOR,X-RAY DIFFRACTION
7v0h,OXIDOREDUCTASE,X-RAY DIFFRACTION
1osf,CELL CYCLE,X-RAY DIFFRACTION
6d6l,signaling protein/agonist,X-RAY DIFFRACTION
7okv,LIPID BINDING PROTEIN,X-RAY DIFFRACTION
2wjr,TRANSPORT PROTEIN,X-RAY DIFFRACTION
6mne,OXIDOREDUCTASE,X-RAY DIFFRACTION
4qag,HYDROLASE/HYDROLASE INHIBITOR,X-RAY DIFFRACTION
2exv,ELECTRON TRANSPORT,X-RAY DIFFRACTION
8gdi,OXIDOREDUCTASE,X-RAY DIFFRACTION
2evk,OXYGEN STORAGE/TRANSPORT,X-RAY DIFFRACTION
3gdb,HYDROLASE,X-RAY DIFFRACTION
5ojg,OXIDOREDUCTASE,X-RAY DIFFRACTION
7vl7,TRANSFERASE,X-RAY DIFFRACTION
8jdr,OXIDOREDUCTASE,X-RAY DIFFRACTION
6bth,LIPID BINDING PROTEIN,X-RAY DIFFRACTION
6oox,OXIDOREDUCTASE,X-RAY DIFFRACTION
4f0v,HYDROLASE,X-RAY DIFFRACTION
6b9i,TRANSFERASE,X-RAY DIFFRACTION
7fg1,LIPID BINDING PROTEIN,X-RAY DIFFRACTION
2uuu,TRANSFERASE,X-RAY DIFFRACTION
4ytt,ISOMERASE,X-RAY DIFFRACTION
7vvc,HYDROLASE,X-RAY DIFFRACTION
4ha4,HYDROLASE,X-RAY DIFFRACTION
1x09,TRANSFERASE,X-RAY DIFFRACTION
3vhv,TRANSCRIPTION/INHIBITOR,X-RAY DIFFRACTION
5ljg,retinol-binding protein,X-RAY DIFFRACTION
6o3r,HYDROLASE,X-RAY DIFFRACTION
8fjo,OXIDOREDUCTASE/SUBSTRATE,X-RAY DIFFRACTION
1rjk,hormone/growth factor receptor,X-RAY DIFFRACTION
7o1z,OXIDOREDUCTASE,X-RAY DIFFRACTION
1tj9,HYDROLASE,X-RAY DIFFRACTION
8w46,TRANSPORT PROTEIN,X-RAY DIFFRACTION
3a40,GENE REGULATION,X-RAY DIFFRACTION
6isk,LYASE,X-RAY DIFFRACTION
6obo,TOXIN,X-RAY DIFFRACTION
4c9p,OXIDOREDUCTASE,X-RAY DIFFRACTION
6qce,HYDROLASE,X-RAY DIFFRACTION
6lm1,MEMBRANE PROTEIN,X-RAY DIFFRACTION
4f9d,HYDROLASE,X-RAY DIFFRACTION
1uka,HYDROLASE,X-RAY DIFFRACTION
6d1f,HYDROLASE/HYDROLASE inhibitor,X-RAY DIFFRACTION
4tkh,LIPID BINDING PROTEIN,X-RAY DIFFRACTION
6pk0,HYDROLASE,X-RAY DIFFRACTION
8a0r,TRANSFERASE,X-RAY DIFFRACTION
5ey5,LYASE,X-RAY DIFFRACTION
1t1v,SIGNALING PROTEIN,X-RAY DIFFRACTION
6y8s,OXIDOREDUCTASE,X-RAY DIFFRACTION
4xo7,OXIDOREDUCTASE,X-RAY DIFFRACTION
8p7k,HYDROLASE,X-RAY DIFFRACTION
1g8f,TRANSFERASE,X-RAY DIFFRACTION
1t7f,HORMONE/GROWTH FACTOR RECEPTOR,X-RAY DIFFRACTION
1xm8,HYDROLASE,X-RAY DIFFRACTION
1fm4,ALLERGEN,X-RAY DIFFRACTION
1uuy,CHELATASE,X-RAY DIFFRACTION
5j1a,immune system/inhibitor,X-RAY DIFFRACTION
3a4v,OXIDOREDUCTASE,X-RAY DIFFRACTION
3cl5,HYDROLASE,X-RAY DIFFRACTION
5xj9,TRANSFERASE,X-RAY DIFFRACTION
1pda,TRANSFERASE,X-RAY DIFFRACTION
6uaf,HYDROLASE,X-RAY DIFFRACTION
6w9m,HORMONE,X-RAY DIFFRACTION
7z6w,TRANSPORT PROTEIN,X-RAY DIFFRACTION
3bej,TRANSCRIPTION REGULATOR,X-RAY DIFFRACTION
1r5l,TRANSPORT PROTEIN,X-RAY DIFFRACTION
2xz9,TRANSFERASE,X-RAY DIFFRACTION
3qp1,TRANSCRIPTION,X-RAY DIFFRACTION
4z7e,TRANSPORT PROTEIN,X-RAY DIFFRACTION
5y9y,BIOSYNTHETIC PROTEIN,X-RAY DIFFRACTION
8a7k,BIOSYNTHETIC PROTEIN,X-RAY DIFFRACTION
8wr2,PROTEIN BINDING,X-RAY DIFFRACTION
4qfi,HYDROLASE,X-RAY DIFFRACTION
4kct,TRANSFERASE,X-RAY DIFFRACTION
3q12,LIGASE,X-RAY DIFFRACTION
1be0,DEHALOGENASE,X-RAY DIFFRACTION
5ntk,NUCLEAR PROTEIN,X-RAY DIFFRACTION
5k6a,OXIDOREDUCTASE,X-RAY DIFFRACTION
3ftx,HYDROLASE,X-RAY DIFFRACTION
4mys,LYASE,X-RAY DIFFRACTION
3ert,NUCLEAR RECEPTOR,X-RAY DIFFRACTION
2hzl,"LIGAND BINDING, TRANSPORT PROTEIN",X-RAY DIFFRACTION
5dxg,Hormone Receptor/peptide,X-RAY DIFFRACTION
3mhe,ISOMERASE,X-RAY DIFFRACTION
3r3w,HYDROLASE,X-RAY DIFFRACTION
1uk6,HYDROLASE,X-RAY DIFFRACTION
3nq9,TRANSPORT PROTEIN,X-RAY DIFFRACTION
5b49,HYDROLASE,X-RAY DIFFRACTION
5djo,TRANSPORT PROTEIN,X-RAY DIFFRACTION
5ghx,HYDROLASE,X-RAY DIFFRACTION
3up0,STEROID BINDING PROTEIN/TRANSCRIPTION,X-RAY DIFFRACTION
7u6j,BIOSYNTHETIC PROTEIN,X-RAY DIFFRACTION
1db1,GENE REGULATION,X-RAY DIFFRACTION
3eau,"TRANSPORT PROTEIN, oxidoreductase",X-RAY DIFFRACTION
3v1n,HYDROLASE,X-RAY DIFFRACTION
5v38,TOXIN,X-RAY DIFFRACTION
3cb7,HYDROLASE,X-RAY DIFFRACTION
3gip,HYDROLASE,X-RAY DIFFRACTION
1xow,TRANSCRIPTION,X-RAY DIFFRACTION
7fhb,TRANSFERASE,X-RAY DIFFRACTION
7ecr,OXIDOREDUCTASE,X-RAY DIFFRACTION
3txz,OXIDOREDUCTASE,X-RAY DIFFRACTION
7ebv,TRANSFERASE,X-RAY DIFFRACTION
5y8l,OXIDOREDUCTASE,X-RAY DIFFRACTION
5b2n,TRANSPORT PROTEIN,X-RAY DIFFRACTION
5awz,PROTON TRANSPORT,X-RAY DIFFRACTION
4pdl,TRANSPORT PROTEIN,X-RAY DIFFRACTION
6ypa,HYDROLASE,X-RAY DIFFRACTION
7fbm,LIPID BINDING PROTEIN,X-RAY DIFFRACTION
3kl0,HYDROLASE,X-RAY DIFFRACTION
6tdg,TRANSFERASE,X-RAY DIFFRACTION
7wx7,TRANSFERASE,X-RAY DIFFRACTION
3uqa,"Isomerase, protein binding",X-RAY DIFFRACTION
2v0i,TRANSFERASE,X-RAY DIFFRACTION
7b0p,MEMBRANE PROTEIN,X-RAY DIFFRACTION
6qde,TRANSFERASE,X-RAY DIFFRACTION
7c2z,GENE REGULATION,X-RAY DIFFRACTION
4jyi,Transcription/Agonist,X-RAY DIFFRACTION
2epo,HYDROLASE,X-RAY DIFFRACTION
2hfk,HYDROLASE,X-RAY DIFFRACTION
5uzc,oxidoreductase/oxidoreductase inhibitor,X-RAY DIFFRACTION
7qd2,PHOTOSYNTHESIS,X-RAY DIFFRACTION
1gp6,OXIDOREDUCTASE,X-RAY DIFFRACTION
6iiq,DNA BINDING PROTEIN/DNA,X-RAY DIFFRACTION
5t1e,OXIDOREDUCTASE,X-RAY DIFFRACTION
6l7h,TRANSFERASE,X-RAY DIFFRACTION
5zxk,SIGNALING PROTEIN,X-RAY DIFFRACTION
3sj4,ELECTRON TRANSPORT,X-RAY DIFFRACTION
6i3k,OXIDOREDUCTASE,X-RAY DIFFRACTION
7cl9,OXIDOREDUCTASE,X-RAY DIFFRACTION
4h4e,OXIDOREDUCTASE/OXIDOREDUCTASE INHIBITOR,X-RAY DIFFRACTION
1vch,TRANSFERASE,X-RAY DIFFRACTION
7pzf,MEMBRANE PROTEIN,X-RAY DIFFRACTION
7w15,TRANSFERASE,X-RAY DIFFRACTION
2aba,OXIDOREDUCTASE,X-RAY DIFFRACTION
4bt3,LYASE,X-RAY DIFFRACTION
5av0,TRANSFERASE,X-RAY DIFFRACTION
2x32,CARBOHYDRATE-BINDING PROTEIN,X-RAY DIFFRACTION
3o1v,OXIDOREDUCTASE,X-RAY DIFFRACTION
7pk0,TRANSFERASE,X-RAY DIFFRACTION
1h6h,PX DOMAIN,X-RAY DIFFRACTION
5klu,ELECTRON TRANSPORT,X-RAY DIFFRACTION
4iq2,ISOMERASE,X-RAY DIFFRACTION
7wpg,LIPID BINDING PROTEIN,X-RAY DIFFRACTION
5ang,TRANSFERASE,X-RAY DIFFRACTION
5ux2,LYASE,X-RAY DIFFRACTION
6d1d,HYDROLASE/HYDROLASE inhibitor,X-RAY DIFFRACTION
6ph9,BIOSYNTHETIC PROTEIN,X-RAY DIFFRACTION
7nin,OXIDOREDUCTASE,X-RAY DIFFRACTION
5w8c,BIOSYNTHETIC PROTEIN,X-RAY DIFFRACTION
8cvd,OXIDOREDUCTASE,X-RAY DIFFRACTION
5bk9,OXIDOREDUCTASE,X-RAY DIFFRACTION
5c2i,OXIDOREDUCTASE,X-RAY DIFFRACTION
1zoa,OXIDOREDUCTASE,X-RAY DIFFRACTION
4euo,TRANSPORT PROTEIN,X-RAY DIFFRACTION
1pz4,LIPID BINDING PROTEIN,X-RAY DIFFRACTION
5hrv,TRANSCRIPTION,X-RAY DIFFRACTION
1mmq,METALLOPROTEASE,X-RAY DIFFRACTION
4kpd,TRANSFERASE,X-RAY DIFFRACTION
2c1z,TRANSFERASE,X-RAY DIFFRACTION
6t6r,HYDROLASE,X-RAY DIFFRACTION
7p9a,OXIDOREDUCTASE,X-RAY DIFFRACTION
1ljo,UNKNOWN FUNCTION,X-RAY DIFFRACTION
4w93,HYDROLASE/HYDROLASE INHIBITOR,X-RAY DIFFRACTION
2g50,TRANSFERASE,X-RAY DIFFRACTION
3ebl,HYDROLASE RECEPTOR,X-RAY DIFFRACTION
7pae,PROTEIN BINDING,X-RAY DIFFRACTION
4zbg,TRANSFERASE,X-RAY DIFFRACTION
7ysx,HYDROLASE,X-RAY DIFFRACTION
1znl,TRANSPORT PROTEIN,X-RAY DIFFRACTION
5mha,OXIDOREDUCTASE,X-RAY DIFFRACTION
5j56,HYDROLASE/IMMUNE SYSTEM,X-RAY DIFFRACTION
6et4,OXIDOREDUCTASE,X-RAY DIFFRACTION
8b2p,OXIDOREDUCTASE,X-RAY DIFFRACTION
8jv1,TRANSPORT PROTEIN,X-RAY DIFFRACTION
5azc,TRANSFERASE,X-RAY DIFFRACTION
4hzm,hydrolase/hydrolase inhibitor,X-RAY DIFFRACTION
4wbk,LIPID BINDING PROTEIN,X-RAY DIFFRACTION
1icm,BINDING PROTEIN(FATTY ACID),X-RAY DIFFRACTION
6d18,HYDROLASE/HYDROLASE inhibitor,X-RAY DIFFRACTION
6zzs,OXIDOREDUCTASE,X-RAY DIFFRACTION
6yf2,ISOMERASE,X-RAY DIFFRACTION
1p6o,HYDROLASE,X-RAY DIFFRACTION
6b83,TOXIN,X-RAY DIFFRACTION
5eio,OXIDOREDUCTASE/BIOSYNTHETIC PROTEIN,X-RAY DIFFRACTION
6up9,LYASE/LYASE INHIBITOR,X-RAY DIFFRACTION
3ws7,OXIDOREDUCTASE,X-RAY DIFFRACTION
6t4i,GENE REGULATION,X-RAY DIFFRACTION
5j8l,ISOMERASE,X-RAY DIFFRACTION
7vej,TRANSFERASE,X-RAY DIFFRACTION
6t5m,LYASE,X-RAY DIFFRACTION
3sty,HYDROLASE,X-RAY DIFFRACTION
3w69,LIGASE/LIGASE INHIBITOR,X-RAY DIFFRACTION
6uqx,HYDROLASE,X-RAY DIFFRACTION
3fat,MEMBRANE PROTEIN,X-RAY DIFFRACTION
7z4n,TRANSFERASE,X-RAY DIFFRACTION
2e9l,HYDROLASE,X-RAY DIFFRACTION
6ztu,RNA BINDING PROTEIN,X-RAY DIFFRACTION
6d16,HYDROLASE/HYDROLASE inhibitor,X-RAY DIFFRACTION
2b3l,HYDROLASE,X-RAY DIFFRACTION
2hnx,LIPID BINDING PROTEIN,X-RAY DIFFRACTION
2h0y,HYDROLASE,X-RAY DIFFRACTION
4i4c,UNKNOWN FUNCTION,X-RAY DIFFRACTION
8fkb,OXIDOREDUCTASE/SUBSTRATE,X-RAY DIFFRACTION
3h09,HYDROLASE,X-RAY DIFFRACTION
3kfg,TRANSPORT PROTEIN,X-RAY DIFFRACTION
6w08,TOXIN,X-RAY DIFFRACTION
2zfd,SIGNALING PROTEIN/TRANSFERASE,X-RAY DIFFRACTION
3zuo,IMMUNE SYSTEM,X-RAY DIFFRACTION
5jr3,TRANSFERASE,X-RAY DIFFRACTION
8jdg,OXIDOREDUCTASE,X-RAY DIFFRACTION
1hrn,HYDROLASE/HYDROLASE INHIBITOR,X-RAY DIFFRACTION
4i35,HYDROLASE,X-RAY DIFFRACTION
3ov4,TRANSFERASE,X-RAY DIFFRACTION
8r5v,HYDROLASE,X-RAY DIFFRACTION
1jpn,SIGNALING PROTEIN,X-RAY DIFFRACTION
4qsf,HYDROLASE,X-RAY DIFFRACTION
5dwn,TRANSFERASE,X-RAY DIFFRACTION
1lrk,ISOMERASE,X-RAY DIFFRACTION
6edh,OXIDOREDUCTASE,X-RAY DIFFRACTION
5xn9,LIPID TRANSPORT,X-RAY DIFFRACTION
6yf3,ISOMERASE,X-RAY DIFFRACTION
1y9l,LIPID BINDING PROTEIN,X-RAY DIFFRACTION
6lyc,CELL ADHESION,X-RAY DIFFRACTION
5fpz,HYDROLASE,X-RAY DIFFRACTION
2has,GENE REGULATION,X-RAY DIFFRACTION
7dxz,CHAPERONE,X-RAY DIFFRACTION
2a7g,TRANSFERASE,X-RAY DIFFRACTION
5h63,TRANSFERASE,X-RAY DIFFRACTION
7ots,HYDROLASE,X-RAY DIFFRACTION
4doo,ISOMERASE,X-RAY DIFFRACTION
4xeq,TRANSPORT PROTEIN,X-RAY DIFFRACTION
7es1,TRANSFERASE,X-RAY DIFFRACTION
3bf8,HYDROLASE,X-RAY DIFFRACTION
4y9h,LIPID BINDING PROTEIN,X-RAY DIFFRACTION
2ifr,HYDROLASE/HYDROLASE INHIBITOR,X-RAY DIFFRACTION
2yoo,OXIDOREDUCTASE,X-RAY DIFFRACTION
4uc1,MEMBRANE PROTEIN,X-RAY DIFFRACTION
4r88,HYDROLASE,X-RAY DIFFRACTION
1i2a,RIBOSOME,X-RAY DIFFRACTION
2wea,HYDROLASE,X-RAY DIFFRACTION
4lx9,TRANSFERASE,X-RAY DIFFRACTION
3ag6,LIGASE,X-RAY DIFFRACTION
6sbc,BIOSYNTHETIC PROTEIN,X-RAY DIFFRACTION
1h61,OXIDOREDUCTASE,X-RAY DIFFRACTION
2igi,HYDROLASE,X-RAY DIFFRACTION
5fnk,LYASE,X-RAY DIFFRACTION
5kpr,TRANSFERASE,X-RAY DIFFRACTION
1opb,RETINOL TRANSPORT,X-RAY DIFFRACTION
6wqb,TRANSFERASE,X-RAY DIFFRACTION
6t0f,OXIDOREDUCTASE,X-RAY DIFFRACTION
5c81,HYDROLASE,X-RAY DIFFRACTION
2fw0,TRANSPORT PROTEIN,X-RAY DIFFRACTION
6m8a,TRANSFERASE/TRANSFERASE Inhibitor,X-RAY DIFFRACTION
2aog,HYDROLASE/HYDROLASE INHIBITOR,X-RAY DIFFRACTION
4lls,TRANSFERASE,X-RAY DIFFRACTION
5qcu,HYDROLASE,X-RAY DIFFRACTION
3plz,TRANSCRIPTION/RECEPTOR/AGONIST,X-RAY DIFFRACTION
4q0a,GENE REGULATION,X-RAY DIFFRACTION
5o6h,TRANSFERASE,X-RAY DIFFRACTION
5xna,LIPID TRANSPORT,X-RAY DIFFRACTION
4q0k,HORMONE BINDING PROTEIN,X-RAY DIFFRACTION
8ie8,TRANSFERASE,X-RAY DIFFRACTION
8jdv,OXIDOREDUCTASE,X-RAY DIFFRACTION
1ylh,LYASE,X-RAY DIFFRACTION
6db2,OXIDOREDUCTASE,X-RAY DIFFRACTION
6mvm,TRANSCRIPTION,X-RAY DIFFRACTION
3mgd,TRANSFERASE,X-RAY DIFFRACTION
7c6p,GENE REGULATION,X-RAY DIFFRACTION
8jdq,OXIDOREDUCTASE,X-RAY DIFFRACTION
4qt3,ISOMERASE,X-RAY DIFFRACTION
6uqv,HYDROLASE,X-RAY DIFFRACTION
6toy,HYDROLASE,X-RAY DIFFRACTION
7mx4,"LIPID BINDING PROTEIN, IMMUNE SYSTEM",X-RAY DIFFRACTION
5tvi,PLANT PROTEIN,X-RAY DIFFRACTION
2h8z,OXIDOREDUCTASE,X-RAY DIFFRACTION
4xpl,TRANSFERASE,X-RAY DIFFRACTION
7dqm,ISOMERASE,X-RAY DIFFRACTION
1p0h,TRANSFERASE,X-RAY DIFFRACTION
1dgm,TRANSFERASE,X-RAY DIFFRACTION
3a68,OXIDOREDUCTASE,X-RAY DIFFRACTION
3kq0,SIGNALING PROTEIN,X-RAY DIFFRACTION
1k26,"STRUCTURAL GENOMICS, UNKNOWN FUNCTION",X-RAY DIFFRACTION
1hf6,HYDROLASE,X-RAY DIFFRACTION
3p41,TRANSFERASE,X-RAY DIFFRACTION
4tlg,TRANSPORT PROTEIN,X-RAY DIFFRACTION
3kro,TRANSFERASE,X-RAY DIFFRACTION
3w37,"HYDROLASE, CARBOHYDRATE",X-RAY DIFFRACTION
6vwr,OXIDOREDUCTASE,X-RAY DIFFRACTION
7wpu,LIPID BINDING PROTEIN,X-RAY DIFFRACTION
8v33,TRANSFERASE,X-RAY DIFFRACTION
5aav,SIGNALING PROTEIN,X-RAY DIFFRACTION
1vc4,LYASE,X-RAY DIFFRACTION
2g5f,BIOSYNTHETIC PROTEIN,X-RAY DIFFRACTION
2hb7,GENE REGULATION,X-RAY DIFFRACTION
2hi4,OXIDOREDUCTASE,X-RAY DIFFRACTION
6j3n,NUCLEAR PROTEIN,X-RAY DIFFRACTION
6xc0,HYDROLASE,X-RAY DIFFRACTION
1aq2,KINASE,X-RAY DIFFRACTION
5dlw,HYDROLASE,X-RAY DIFFRACTION
5med,OXIDOREDUCTASE,X-RAY DIFFRACTION
3l03,TRANSCRIPTION,X-RAY DIFFRACTION
4drn,ISOMERASE,X-RAY DIFFRACTION
5j5k,LIPID BINDING PROTEIN,X-RAY DIFFRACTION
2gkj,ISOMERASE,X-RAY DIFFRACTION
7vb1,LIPID BINDING PROTEIN,X-RAY DIFFRACTION
3ppt,LIPID BINDING PROTEIN,X-RAY DIFFRACTION
6cgz,HYDROLASE,X-RAY DIFFRACTION
1n2b,LIGASE,X-RAY DIFFRACTION
5hua,ISOMERASE,X-RAY DIFFRACTION
1nu4,RNA BINDING PROTEIN,X-RAY DIFFRACTION
6fyj,OXIDOREDUCTASE,X-RAY DIFFRACTION
2ipg,OXIDOREDUCTASE,X-RAY DIFFRACTION
3nhi,TRANSPORT PROTEIN,X-RAY DIFFRACTION
5u4b,TRANSPORT PROTEIN,X-RAY DIFFRACTION
4q2l,TRANSPORT PROTEIN,X-RAY DIFFRACTION
7ccw,TRANSFERASE,X-RAY DIFFRACTION
8eq5,TRANSFERASE,X-RAY DIFFRACTION
4gqq,HYDROLASE/HYDROLASE INHIBITOR,X-RAY DIFFRACTION
6q0y,TRANSFERASE,X-RAY DIFFRACTION
7cy0,HYDROLASE,X-RAY DIFFRACTION
4gh0,LIPID TRANSPORT,X-RAY DIFFRACTION
1jtv,OXIDOREDUCTASE,X-RAY DIFFRACTION
5ax1,PROTON TRANSPORT,X-RAY DIFFRACTION
7w9j,OXIDOREDUCTASE,X-RAY DIFFRACTION
8abw,LYASE,X-RAY DIFFRACTION
6ghh,TRANSPORT PROTEIN,X-RAY DIFFRACTION
3szj,Biotin-binding protein,X-RAY DIFFRACTION
2xpw,TRANSCRIPTION,X-RAY DIFFRACTION
8jdu,OXIDOREDUCTASE,X-RAY DIFFRACTION
3m4a,Isomerase/DNA,X-RAY DIFFRACTION
2d5y,TRANSFERASE,X-RAY DIFFRACTION
3dsk,LYASE,X-RAY DIFFRACTION
5fy7,TRANSFERASE,X-RAY DIFFRACTION
3r9b,OXIDOREDUCTASE,X-RAY DIFFRACTION
3cza,UNKNOWN FUNCTION,X-RAY DIFFRACTION
1kt6,TRANSPORT PROTEIN,X-RAY DIFFRACTION
2qhs,TRANSFERASE,X-RAY DIFFRACTION
3tvq,TRANSFERASE,X-RAY DIFFRACTION
3yas,LYASE,X-RAY DIFFRACTION
4pns,TRANSFERASE,X-RAY DIFFRACTION
2puv,TRANSFERASE,X-RAY DIFFRACTION
5iby,"LIGASE,TRANSFERASE",X-RAY DIFFRACTION
6d17,HYDROLASE/HYDROLASE inhibitor,X-RAY DIFFRACTION
3atq,OXIDOREDUCTASE,X-RAY DIFFRACTION
6d6m,signaling protein/agonist,X-RAY DIFFRACTION
7rji,TOXIN,X-RAY DIFFRACTION
4drk,ISOMERASE,X-RAY DIFFRACTION
7cip,HYDROLASE,X-RAY DIFFRACTION
3imv,HORMONE,X-RAY DIFFRACTION
3oll,HORMONE RECEPTOR/ACTIVATOR,X-RAY DIFFRACTION
6qli,TRANSFERASE,X-RAY DIFFRACTION
4h8e,TRANSFERASE/TRANSFERASE INHIBITOR,X-RAY DIFFRACTION
7ebu,TRANSFERASE,X-RAY DIFFRACTION
5kts,TRANSFERASE,X-RAY DIFFRACTION
1a8b,CALCIUM BINDING PROTEIN,X-RAY DIFFRACTION
4qzt,PROTEIN BINDING,X-RAY DIFFRACTION
6hl1,NUCLEAR PROTEIN,X-RAY DIFFRACTION
6xok,LIPID BINDING PROTEIN,X-RAY DIFFRACTION
6ga7,MEMBRANE PROTEIN,X-RAY DIFFRACTION
1kdk,TRANSPORT PROTEIN,X-RAY DIFFRACTION
1lj5,BLOOD CLOTTING,X-RAY DIFFRACTION
2bzz,HYDROLASE,X-RAY DIFFRACTION
1uk7,HYDROLASE,X-RAY DIFFRACTION
3rk8,LYASE,X-RAY DIFFRACTION
5e7x,LIPID BINDING PROTEIN,X-RAY DIFFRACTION
7cbn,HYDROLASE,X-RAY DIFFRACTION
2hub,HYDROLASE,X-RAY DIFFRACTION
1ozn,SIGNALING PROTEIN,X-RAY DIFFRACTION
4npm,OXIDOREDUCTASE,X-RAY DIFFRACTION
2p18,HYDROLASE,X-RAY DIFFRACTION
7y11,LIPID TRANSPORT,X-RAY DIFFRACTION
2vln,PROTEIN BINDING,X-RAY DIFFRACTION
6uex,TRANSFERASE,X-RAY DIFFRACTION
1hms,LIPID BINDING PROTEIN,X-RAY DIFFRACTION
3r8g,OXIDOREDUCTASE/OXIDOREDUCTASE INHIBITOR,X-RAY DIFFRACTION
1vbu,HYDROLASE,X-RAY DIFFRACTION
2g81,HYDROLASE/HYDROLASE INHIBITOR,X-RAY DIFFRACTION
4x6x,Hydrolase/Hydrolase Inhibitor,X-RAY DIFFRACTION
6tb0,TRANSFERASE,X-RAY DIFFRACTION
3te4,TRANSFERASE,X-RAY DIFFRACTION
2c8m,LIGASE,X-RAY DIFFRACTION
7awd,DNA BINDING PROTEIN,X-RAY DIFFRACTION
3s8g,OXIDOREDUCTASE,X-RAY DIFFRACTION
3guz,LIGASE,X-RAY DIFFRACTION
6ps7,MEMBRANE PROTEIN,X-RAY DIFFRACTION
5mwy,SIGNALING PROTEIN,X-RAY DIFFRACTION
6sbe,BIOSYNTHETIC PROTEIN,X-RAY DIFFRACTION
2vcv,TRANSFERASE,X-RAY DIFFRACTION
8sfu,TRANSFERASE,X-RAY DIFFRACTION
2gpu,TRANSCRIPTION,X-RAY DIFFRACTION
2zyh,HYDROLASE,X-RAY DIFFRACTION
6bd9,TRANSFERASE,X-RAY DIFFRACTION
3kgq,HYDROLASE,X-RAY DIFFRACTION
5jse,VIRAL PROTEIN,X-RAY DIFFRACTION
7t1e,IMMUNE SYSTEM,X-RAY DIFFRACTION
6su4,MEMBRANE PROTEIN,X-RAY DIFFRACTION
5dxe,Hormone receptor/peptide,X-RAY DIFFRACTION
7cqm,TRANSFERASE,X-RAY DIFFRACTION
1izc,LYASE,X-RAY DIFFRACTION
7c60,CYTOSOLIC PROTEIN,X-RAY DIFFRACTION
5v42,TRANSFERASE/TRANSFERASE INHIBITOR,X-RAY DIFFRACTION
1een,HYDROLASE,X-RAY DIFFRACTION
1fkj,ROTAMASE,X-RAY DIFFRACTION
3hrq,BIOSYNTHETIC PROTEIN,X-RAY DIFFRACTION
5nx5,LIGASE,X-RAY DIFFRACTION
3b7s,HYDROLASE,X-RAY DIFFRACTION
3l68,OXIDOREDUCTASE,X-RAY DIFFRACTION
6h2n,TRANSFERASE,X-RAY DIFFRACTION
8r5b,LIGASE,X-RAY DIFFRACTION
5jdi,OXIDOREDUCTASE,X-RAY DIFFRACTION
5x18,TRANSFERASE,X-RAY DIFFRACTION
7pna,OXIDOREDUCTASE,X-RAY DIFFRACTION
5t9c,HYDROLASE,X-RAY DIFFRACTION
6c6f,IMMUNE SYSTEM,X-RAY DIFFRACTION
1g0c,HYDROLASE,X-RAY DIFFRACTION
4g3q,TRANSFERASE,X-RAY DIFFRACTION
7yyb,TRANSFERASE,X-RAY DIFFRACTION
8gmk,CYTOSOLIC PROTEIN,X-RAY DIFFRACTION
4hg9,HYDROLASE,X-RAY DIFFRACTION
6d1c,HYDROLASE/HYDROLASE inhibitor,X-RAY DIFFRACTION
3tfg,SIGNALING PROTEIN,X-RAY DIFFRACTION
3t6d,ELECTRON TRANSPORT,X-RAY DIFFRACTION
4mlq,TRANSFERASE,X-RAY DIFFRACTION
3l1n,LIPID BINDING PROTEIN,X-RAY DIFFRACTION
8s4c,PROTEIN BINDING,X-RAY DIFFRACTION
2hts,TRANSCRIPTION FACTOR,X-RAY DIFFRACTION
5gsm,HYDROLASE,X-RAY DIFFRACTION
5xk7,TRANSFERASE,X-RAY DIFFRACTION
6iix,TRANSFERASE,X-RAY DIFFRACTION
4kx4,ELECTRON TRANSPORT,X-RAY DIFFRACTION
6lop,LYASE,X-RAY DIFFRACTION
4c2o,HYDROLASE,X-RAY DIFFRACTION
1oh0,ISOMERASE,X-RAY DIFFRACTION
7vqa,TRANSFERASE,X-RAY DIFFRACTION
8a8r,TRANSCRIPTION,X-RAY DIFFRACTION
4u82,TRANSFERASE,X-RAY DIFFRACTION
5wqc,SIGNALING PROTEIN,X-RAY DIFFRACTION
3wl4,HYDROLASE,X-RAY DIFFRACTION
1z10,OXIDOREDUCTASE,X-RAY DIFFRACTION
2dg4,ISOMERASE,X-RAY DIFFRACTION
5ff2,OXIDOREDUCTASE,X-RAY DIFFRACTION
3nf7,HYDROLASE/HYDROLASE INHIBITOR,X-RAY DIFFRACTION
5hwa,HYDROLASE,X-RAY DIFFRACTION
3ix3,TRANSCRIPTION,X-RAY DIFFRACTION
4pm1,Thyroid hormone-binding protein,X-RAY DIFFRACTION
3p5z,LYASE,X-RAY DIFFRACTION
1i7q,LYASE,X-RAY DIFFRACTION
5ir5,OXIDOREDUCTASE,X-RAY DIFFRACTION
5d2j,LYASE,X-RAY DIFFRACTION
4jzb,TRANSFERASE/TRANSFERASE INHIBITOR,X-RAY DIFFRACTION
3vpd,LIGASE,X-RAY DIFFRACTION
5uto,TRANSPORT PROTEIN,X-RAY DIFFRACTION
3cmf,OXIDOREDUCTASE,X-RAY DIFFRACTION
5u97,OXIDOREDUCTASE,X-RAY DIFFRACTION
1rx0,OXIDOREDUCTASE,X-RAY DIFFRACTION
7uj7,TRANSCRIPTION,X-RAY DIFFRACTION
3cs6,GENE REGULATION,X-RAY DIFFRACTION
2h2b,CELL ADHESION,X-RAY DIFFRACTION
2cbo,ANTIBIOTIC,X-RAY DIFFRACTION
5kf2,TRANSFERASE,X-RAY DIFFRACTION
3t92,TRANSFERASE,X-RAY DIFFRACTION
5azb,TRANSFERASE,X-RAY DIFFRACTION
4drp,ISOMERASE,X-RAY DIFFRACTION
3f66,TRANSFERASE,X-RAY DIFFRACTION
4wx0,OXIDOREDUCTASE,X-RAY DIFFRACTION
5x7e,OXIDOREDUCTASE,X-RAY DIFFRACTION
5nyb,HYDROLASE,X-RAY DIFFRACTION
1h1i,OXIDOREDUCTASE,X-RAY DIFFRACTION
2rdn,OXIDOREDUCTASE,X-RAY DIFFRACTION
6e8p,LYASE,X-RAY DIFFRACTION
1o9p,HYDROLASE,X-RAY DIFFRACTION
5wqi,ISOMERASE,X-RAY DIFFRACTION
8cno,HYDROLASE,X-RAY DIFFRACTION
3h3j,OXIDOREDUCTASE,X-RAY DIFFRACTION
4feg,OXIDOREDUCTASE,X-RAY DIFFRACTION
5b09,LYASE,X-RAY DIFFRACTION
3ix4,TRANSCRIPTION,X-RAY DIFFRACTION
4iib,HYDROLASE,X-RAY DIFFRACTION
1spj,HYDROLASE,X-RAY DIFFRACTION
2ea7,PLANT PROTEIN,X-RAY DIFFRACTION
4oas,ligase/ligase inhibitor,X-RAY DIFFRACTION
8v09,ISOMERASE,X-RAY DIFFRACTION
1sz8,HYDROLASE,X-RAY DIFFRACTION
5kd6,TRANSFERASE,X-RAY DIFFRACTION
7q38,MEMBRANE PROTEIN,X-RAY DIFFRACTION
5csd,LIPID BINDING PROTEIN,X-RAY DIFFRACTION
1lke,LIGAND BINDING PROTEIN,X-RAY DIFFRACTION
1szo,HYDROLASE,X-RAY DIFFRACTION
2h6f,TRANSFERASE,X-RAY DIFFRACTION
2vdf,MEMBRANE PROTEIN,X-RAY DIFFRACTION
1jcz,LYASE,X-RAY DIFFRACTION
3ozy,UNKNOWN FUNCTION,X-RAY DIFFRACTION
4dgm,TRANSFERASE/TRANSFERASE INHIBITOR,X-RAY DIFFRACTION
4hup,HYDROLASE/HYDROLASE INHIBITOR,X-RAY DIFFRACTION
4wy2,"STRUCTURAL GENOMICS, UNKNOWN FUNCTION",X-RAY DIFFRACTION
6d6d,signaling protein/agonist,X-RAY DIFFRACTION
6cj3,LYASE,X-RAY DIFFRACTION
4zsh,TRANSCRIPTION,X-RAY DIFFRACTION
2i5n,PHOTOSYNTHESIS,X-RAY DIFFRACTION
4aq4,DIESTER-BINDING PROTEIN,X-RAY DIFFRACTION
5b41,TRANSCRIPTION,X-RAY DIFFRACTION
5flj,OXIDOREDUCTASE,X-RAY DIFFRACTION
3l2a,RNA BINDING PROTEIN,X-RAY DIFFRACTION
4tsq,TOXIN,X-RAY DIFFRACTION
3cz0,Pheromone Binding Protein,X-RAY DIFFRACTION
4tjz,LIPID BINDING PROTEIN,X-RAY DIFFRACTION
2qbl,OXIDOREDUCTASE,X-RAY DIFFRACTION
6d1a,HYDROLASE/HYDROLASE inhibitor,X-RAY DIFFRACTION
3szu,OXIDOREDUCTASE,X-RAY DIFFRACTION
6uto,CYTOSOLIC PROTEIN,X-RAY DIFFRACTION
7v8w,HYDROLASE,X-RAY DIFFRACTION
2q7l,HORMONE,X-RAY DIFFRACTION
4n6h,SIGNALING PROTEIN,X-RAY DIFFRACTION
7byt,HYDROLASE,X-RAY DIFFRACTION
7cc3,TRANSFERASE,X-RAY DIFFRACTION
6dd0,HYDROLASE,X-RAY DIFFRACTION
1pp0,TOXIN,X-RAY DIFFRACTION
7p9x,OXIDOREDUCTASE,X-RAY DIFFRACTION
7rs4,TRANSCRIPTION/TRANSCRIPTION INHIBITOR,X-RAY DIFFRACTION
5var,OXIDOREDUCTASE,X-RAY DIFFRACTION
2hu9,METAL TRANSPORT,X-RAY DIFFRACTION
3log,ISOMERASE,X-RAY DIFFRACTION
2zsi,Hormone Receptor,X-RAY DIFFRACTION
4h03,TOXIN/STRUCTURAL PROTEIN,X-RAY DIFFRACTION
3gh4,HYDROLASE,X-RAY DIFFRACTION
3web,LIPID BINDING PROTEIN,X-RAY DIFFRACTION
5c49,TRANSFERASE,X-RAY DIFFRACTION
3ke9,OXIDOREDUCTASE,X-RAY DIFFRACTION
7kr9,TRANSFERASE,X-RAY DIFFRACTION
8ind,TRANSFERASE,X-RAY DIFFRACTION
3vm4,OXIDOREDUCTASE,X-RAY DIFFRACTION
5o7y,OXIDOREDUCTASE,X-RAY DIFFRACTION
3l0l,TRANSCRIPTION,X-RAY DIFFRACTION
6ufb,LYASE/LYASE INHIBITOR,X-RAY DIFFRACTION
8jdb,OXIDOREDUCTASE,X-RAY DIFFRACTION
5xp6,HYDROLASE,X-RAY DIFFRACTION
1v73,HYDROLASE,X-RAY DIFFRACTION
4b5s,LYASE,X-RAY DIFFRACTION
4pww,DE NOVO PROTEIN,X-RAY DIFFRACTION
1t0f,DNA BINDING PROTEIN,X-RAY DIFFRACTION
8q2p,TRANSFERASE,X-RAY DIFFRACTION
1tfj,LIPID TRANSPORT,X-RAY DIFFRACTION
7fez,LIPID BINDING PROTEIN,X-RAY DIFFRACTION
1xxq,SUGAR BINDING PROTEIN,X-RAY DIFFRACTION
1s0j,HYDROLASE,X-RAY DIFFRACTION
3v7z,HYDROLASE,X-RAY DIFFRACTION
2j8c,ELECTRON TRANSPORT,X-RAY DIFFRACTION
8c0q,LYASE,X-RAY DIFFRACTION
1keq,LYASE,X-RAY DIFFRACTION
5kp4,ISOMERASE,X-RAY DIFFRACTION
2zku,TRANSFERASE,X-RAY DIFFRACTION
8aej,TRANSPORT PROTEIN,X-RAY DIFFRACTION
3l8e,HYDROLASE,X-RAY DIFFRACTION
1c9y,TRANSFERASE,X-RAY DIFFRACTION
7o0k,LIPID BINDING PROTEIN,X-RAY DIFFRACTION
2q70,TRANSCRIPTION,X-RAY DIFFRACTION
1znd,TRANSPORT PROTEIN,X-RAY DIFFRACTION
1n55,ISOMERASE,X-RAY DIFFRACTION
2y7g,LYASE,X-RAY DIFFRACTION
4qnd,MEMBRANE PROTEIN,X-RAY DIFFRACTION
8jdx,OXIDOREDUCTASE,X-RAY DIFFRACTION
3i6i,OXIDOREDUCTASE,X-RAY DIFFRACTION
4wh2,TRANSFERASE,X-RAY DIFFRACTION
5woo,TRANSFERASE,X-RAY DIFFRACTION
6m74,OXIDOREDUCTASE,X-RAY DIFFRACTION
1t32,HYDROLASE,X-RAY DIFFRACTION
3wfg,TRANSCRIPTION/INHIBITOR,X-RAY DIFFRACTION
8jjt,TRANSFERASE,X-RAY DIFFRACTION
3cn1,"hormone, Transport protein",X-RAY DIFFRACTION
5k2d,MEMBRANE PROTEIN,X-RAY DIFFRACTION
4fqe,MEMBRANE PROTEIN,X-RAY DIFFRACTION
3zgl,OXIDOREDUCTASE,X-RAY DIFFRACTION
5z3s,SIGNALING PROTEIN,X-RAY DIFFRACTION
3dd2,Hydrolase/HYDROLASE INHIBITOR/RNA,X-RAY DIFFRACTION
6cj4,LYASE,X-RAY DIFFRACTION
5v3x,TRANSFERASE/TRANSFERASE INHIBITOR,X-RAY DIFFRACTION
1n5u,PLASMA PROTEIN,X-RAY DIFFRACTION
6d6a,signaling protein/agonist,X-RAY DIFFRACTION
3dr8,TRANSFERASE,X-RAY DIFFRACTION
4xbk,LYASE,X-RAY DIFFRACTION
6tbe,HYDROLASE,X-RAY DIFFRACTION
5ib0,TRANSFERASE,X-RAY DIFFRACTION
8jdo,OXIDOREDUCTASE,X-RAY DIFFRACTION
4lfg,TRANSFERASE,X-RAY DIFFRACTION
4dgn,TRANSFERASE/TRANSFERASE INHIBITOR,X-RAY DIFFRACTION
3kfh,TRANSPORT PROTEIN,X-RAY DIFFRACTION
3n2u,Hydrolase/Hydrolase inhibitor,X-RAY DIFFRACTION
4xh4,TRANSFERASE,X-RAY DIFFRACTION
8jyf,SIGNALING PROTEIN,X-RAY DIFFRACTION
3qe3,OXIDOREDUCTASE,X-RAY DIFFRACTION
6y1u,ANTIBIOTIC,X-RAY DIFFRACTION
1lnm,LIGAND BINDING PROTEIN,X-RAY DIFFRACTION
2wsb,OXIDOREDUCTASE,X-RAY DIFFRACTION
3hss,HYDROLASE,X-RAY DIFFRACTION
5w5r,TRANSFERASE,X-RAY DIFFRACTION
4duk,HYDROLASE,X-RAY DIFFRACTION
6u1u,SIGNALING PROTEIN,X-RAY DIFFRACTION
1yb1,OXIDOREDUCTASE,X-RAY DIFFRACTION
8a73,BIOSYNTHETIC PROTEIN,X-RAY DIFFRACTION
4nnt,LIPID BINDING PROTEIN/INHIBITOR,X-RAY DIFFRACTION
3vwd,TRANSFERASE,X-RAY DIFFRACTION
4c6z,TRANSFERASE,X-RAY DIFFRACTION
5xpn,TRANSCRIPTION,X-RAY DIFFRACTION
6lgv,TRANSPORT PROTEIN,X-RAY DIFFRACTION
7a5v,MEMBRANE PROTEIN,ELECTRON MICROSCOPY
2yyk,OXIDOREDUCTASE,X-RAY DIFFRACTION
7jvy,LIPID BINDING PROTEIN,X-RAY DIFFRACTION
3ine,HYDROLASE,X-RAY DIFFRACTION
6dj6,TRANSFERASE,X-RAY DIFFRACTION
6r5h,HYDROLASE,X-RAY DIFFRACTION
4pq0,"REPLICATION, TRANSCRIPTION",X-RAY DIFFRACTION
6vpf,TRANSFERASE,X-RAY DIFFRACTION
4ufv,TRANSFERASE,X-RAY DIFFRACTION
1ry0,OXIDOREDUCTASE,X-RAY DIFFRACTION
5kki,HYDROLASE,X-RAY DIFFRACTION
3pdw,HYDROLASE,X-RAY DIFFRACTION
4ply,OXIDOREDUCTASE,X-RAY DIFFRACTION
6m88,TRANSFERASE/TRANSFERASE Inhibitor,X-RAY DIFFRACTION
6k0s,HYDROLASE,X-RAY DIFFRACTION
1kor,LIGASE,X-RAY DIFFRACTION
6alw,TRANSFERASE,X-RAY DIFFRACTION
6m89,TRANSFERASE/TRANSFERASE Inhibitor,X-RAY DIFFRACTION
1h1m,OXIDOREDUCTASE,X-RAY DIFFRACTION
6yf0,ISOMERASE,X-RAY DIFFRACTION
7e5v,BIOSYNTHETIC PROTEIN,X-RAY DIFFRACTION
7ekd,BIOSYNTHETIC PROTEIN,X-RAY DIFFRACTION
3o2g,OXIDOREDUCTASE,X-RAY DIFFRACTION
4lmm,PROTEIN BINDING,X-RAY DIFFRACTION
5zf9,OXIDOREDUCTASE,X-RAY DIFFRACTION
7ujo,TRANSCRIPTION,X-RAY DIFFRACTION
4kwh,OXIDOREDUCTASE,X-RAY DIFFRACTION
6gaf,MEMBRANE PROTEIN,X-RAY DIFFRACTION
2og7,"OXIDOREDUCTASE, ELECTRON TRANSPORT",X-RAY DIFFRACTION
5ecm,LIGASE/TRANSFERASE,X-RAY DIFFRACTION
3mp8,HISTONE BINDING PROTEIN,X-RAY DIFFRACTION
6sj4,HYDROLASE,X-RAY DIFFRACTION
3u9q,TRANSCRIPTION,X-RAY DIFFRACTION
5olg,MEMBRANE PROTEIN,X-RAY DIFFRACTION
5wci,TRANSFERASE,X-RAY DIFFRACTION
3u3n,PROTEIN BINDING,X-RAY DIFFRACTION
6d49,IMMUNE SYSTEM,X-RAY DIFFRACTION
4kvl,OXIDOREDUCTASE,X-RAY DIFFRACTION
1qyw,OXIDOREDUCTASE,X-RAY DIFFRACTION
6lpk,MEMBRANE PROTEIN,X-RAY DIFFRACTION
5zf4,OXIDOREDUCTASE,X-RAY DIFFRACTION
3ix8,TRANSCRIPTION,X-RAY DIFFRACTION
5v13,Hormone-binding protein,X-RAY DIFFRACTION
2f8a,OXIDOREDUCTASE,X-RAY DIFFRACTION
3vwv,OXIDOREDUCTASE,X-RAY DIFFRACTION
4yse,OXIDOREDUCTASE,X-RAY DIFFRACTION
5glm,HYDROLASE,X-RAY DIFFRACTION
7o8i,MEMBRANE PROTEIN,X-RAY DIFFRACTION
6d6n,signaling protein/agonist,X-RAY DIFFRACTION
3zs3,ALLERGEN,X-RAY DIFFRACTION
6n95,LYASE,X-RAY DIFFRACTION
5v6q,OXIDOREDUCTASE,X-RAY DIFFRACTION
4lh2,OXIDOREDUCTASE,X-RAY DIFFRACTION
2aac,TRANSCRIPTION FACTOR,X-RAY DIFFRACTION
8h0m,FLAVOPROTEIN,X-RAY DIFFRACTION
1sdi,"structural genomics, unknown function",X-RAY DIFFRACTION
2cb9,HYDROLASE,X-RAY DIFFRACTION
2bk3,OXIDOREDUCTASE,X-RAY DIFFRACTION
1o4m,SIGNALING PROTEIN,X-RAY DIFFRACTION
5ypl,HYDROLASE,X-RAY DIFFRACTION
5ra6,TRANSFERASE,X-RAY DIFFRACTION
5s7g,TRANSFERASE,X-RAY DIFFRACTION
6a6s,OXIDOREDUCTASE,X-RAY DIFFRACTION
3vcy,TRANSFERASE/ANTIBIOTIC,X-RAY DIFFRACTION
8w44,TRANSPORT PROTEIN,X-RAY DIFFRACTION
2qa8,TRANSCRIPTION,X-RAY DIFFRACTION
7ea4,HYDROLASE,X-RAY DIFFRACTION
6lpj,MEMBRANE PROTEIN,X-RAY DIFFRACTION
3v7n,LYASE,X-RAY DIFFRACTION
5trq,OXIDOREDUCTASE,X-RAY DIFFRACTION
4ucf,HYDROLASE,X-RAY DIFFRACTION
4rje,OXIDOREDUCTASE,X-RAY DIFFRACTION
4cvb,OXIDOREDUCTASE,X-RAY DIFFRACTION
2wjm,PHOTOSYNTHESIS,X-RAY DIFFRACTION
5tw5,immune system/inhibitor,X-RAY DIFFRACTION
6oz1,OXIDOREDUCTASE,X-RAY DIFFRACTION
6sc1,HYDROLASE,X-RAY DIFFRACTION
5hkg,ISOMERASE,X-RAY DIFFRACTION
5gmn,LYASE,X-RAY DIFFRACTION
6eev,OXIDOREDUCTASE,X-RAY DIFFRACTION
1dai,LIGASE,X-RAY DIFFRACTION
2jaf,MEMBRANE PROTEIN,X-RAY DIFFRACTION
3ed1,HYDROLASE RECEPTOR,X-RAY DIFFRACTION
1q44,TRANSFERASE,X-RAY DIFFRACTION
1wvf,OXIDOREDUCTASE,X-RAY DIFFRACTION
3cn0,"Hormone, Transport protein",X-RAY DIFFRACTION
3i83,OXIDOREDUCTASE,X-RAY DIFFRACTION
6kfq,TRANSPORT PROTEIN,X-RAY DIFFRACTION
5wuu,TRANSCRIPTION,X-RAY DIFFRACTION
6yf1,ISOMERASE,X-RAY DIFFRACTION
3phx,Hydrolase/Protein Binding,X-RAY DIFFRACTION
6dwd,hydrolase/hydrolase inhibitor,X-RAY DIFFRACTION
6dke,TRANSFERASE,X-RAY DIFFRACTION
7o8l,MEMBRANE PROTEIN,X-RAY DIFFRACTION
8r5d,LIGASE,X-RAY DIFFRACTION
9bzr,HYDROLASE,X-RAY DIFFRACTION
4ph9,OXIDOREDUCTASE,X-RAY DIFFRACTION
5xoi,OXIDOREDUCTASE,X-RAY DIFFRACTION
2hka,LIPID BINDING PROTEIN,X-RAY DIFFRACTION
5y8j,OXIDOREDUCTASE,X-RAY DIFFRACTION
3pde,TRANSFERASE,X-RAY DIFFRACTION
3imu,HORMONE,X-RAY DIFFRACTION
5u90,OXIDOREDUCTASE,X-RAY DIFFRACTION
5tie,HYDROLASE,X-RAY DIFFRACTION
7tux,TRANSFERASE/TRANSFERASE INHIBITOR,X-RAY DIFFRACTION
1xe7,"STRUCTURAL GENOMICS, UNKNOWN FUNCTION",X-RAY DIFFRACTION
2adf,BLOOD CLOTTING/IMMUNE SYSTEM,X-RAY DIFFRACTION
4qvt,TRANSFERASE,X-RAY DIFFRACTION
7qos,TRANSFERASE,X-RAY DIFFRACTION
4bt4,LYASE,X-RAY DIFFRACTION
1xg5,OXIDOREDUCTASE,X-RAY DIFFRACTION
1zo9,OXIDOREDUCTASE,X-RAY DIFFRACTION
2bjf,HYDROLASE,X-RAY DIFFRACTION
7vo6,ONCOPROTEIN,X-RAY DIFFRACTION
2og5,OXIDOREDUCTASE,X-RAY DIFFRACTION
7d0p,TRANSFERASE,X-RAY DIFFRACTION
7w3p,TRANSCRIPTION,X-RAY DIFFRACTION
2olw,ISOMERASE,X-RAY DIFFRACTION
3qp2,TRANSCRIPTION,X-RAY DIFFRACTION
5u0w,TRANSFERASE/TRANSFERASE INHIBITOR,X-RAY DIFFRACTION
7ebw,TRANSFERASE,X-RAY DIFFRACTION
7g0x,LIPID BINDING PROTEIN,X-RAY DIFFRACTION
8a0o,TRANSFERASE,X-RAY DIFFRACTION
3qxx,LIGASE,X-RAY DIFFRACTION
5bjv,MEMBRANE PROTEIN,X-RAY DIFFRACTION
5u8z,OXIDOREDUCTASE,X-RAY DIFFRACTION
7zfm,ANTIVIRAL PROTEIN,X-RAY DIFFRACTION
6m9c,Hydrolase/Hydrolase inhibitor,X-RAY DIFFRACTION
1lhw,TRANSPORT PROTEIN,X-RAY DIFFRACTION
1lid,LIPID BINDING PROTEIN,X-RAY DIFFRACTION
6fmx,HYDROLASE,X-RAY DIFFRACTION
3tjl,OXIDOREDUCTASE,X-RAY DIFFRACTION
3dlt,HYDROLASE,X-RAY DIFFRACTION
6z5d,TRANSFERASE,X-RAY DIFFRACTION
3we5,LIGASE,X-RAY DIFFRACTION
1fjq,HYDROLASE,X-RAY DIFFRACTION
6ajx,TRANSCRIPTION,X-RAY DIFFRACTION
4krt,HYDROLASE,X-RAY DIFFRACTION
4uwc,TRANSFERASE,X-RAY DIFFRACTION
2aa6,TRANSCRIPTION,X-RAY DIFFRACTION
3r1p,TRANSPORT PROTEIN,X-RAY DIFFRACTION
6pxf,HYDROLASE/HYDROLASE Inhibitor,X-RAY DIFFRACTION
1kv9,OXIDOREDUCTASE,X-RAY DIFFRACTION
2ag4,LIPID BINDING PROTEIN,X-RAY DIFFRACTION
2qhu,TRANSFERASE,X-RAY DIFFRACTION
4wbj,CHAPERONE,X-RAY DIFFRACTION
3f8d,OXIDOREDUCTASE,X-RAY DIFFRACTION
7a78,DNA BINDING PROTEIN,X-RAY DIFFRACTION
4mzy,TRANSFERASE,X-RAY DIFFRACTION
4a1y,TRANSPORT,X-RAY DIFFRACTION
1nq7,TRANSCRIPTION,X-RAY DIFFRACTION
1g97,TRANSFERASE,X-RAY DIFFRACTION
5lu3,SUGAR BINDING PROTEIN,X-RAY DIFFRACTION
4zn7,TRANSCRIPTION,X-RAY DIFFRACTION
6c32,TRANSFERASE,X-RAY DIFFRACTION
7fdu,LIPID BINDING PROTEIN,X-RAY DIFFRACTION
1zkj,HYDROLASE,X-RAY DIFFRACTION
3cwe,HYDROLASE,X-RAY DIFFRACTION
1qkm,NUCLEAR RECEPTOR,X-RAY DIFFRACTION
4b1y,STRUCTURAL PROTEIN,X-RAY DIFFRACTION
4hwh,APOPTOSIS,X-RAY DIFFRACTION
2ds2,PLANT PROTEIN,X-RAY DIFFRACTION
4ryq,MEMBRANE PROTEIN,X-RAY DIFFRACTION
1cjw,TRANSFERASE,X-RAY DIFFRACTION
6wfo,TRANSFERASE/INHIBITOR,X-RAY DIFFRACTION
7fo6,SPLICING,X-RAY DIFFRACTION
8t5t,LIPID TRANSPORT,X-RAY DIFFRACTION
6mb1,TRANSFERASE,X-RAY DIFFRACTION
4px1,TRANSFERASE,X-RAY DIFFRACTION
7fcx,LIPID BINDING PROTEIN,X-RAY DIFFRACTION
5w8k,OXIDOREDUCTASE,X-RAY DIFFRACTION
4tw3,OXIDOREDUCTASE,X-RAY DIFFRACTION
4j6c,oxidoreductase/substrate,X-RAY DIFFRACTION
6a42,DNA BINDING PROTEIN,X-RAY DIFFRACTION
1sx6,LIPID TRANSPORT,X-RAY DIFFRACTION
6rqz,HYDROLASE,X-RAY DIFFRACTION
3wuc,SUGAR BINDING PROTEIN,X-RAY DIFFRACTION
5l2j,IMMUNE SYSTEM,X-RAY DIFFRACTION
1kqw,TRANSPORT PROTEIN,X-RAY DIFFRACTION
5y6u,UNKNOWN FUNCTION,X-RAY DIFFRACTION
5ntn,SIGNALING PROTEIN,X-RAY DIFFRACTION
4lh1,OXIDOREDUCTASE,X-RAY DIFFRACTION
5ufg,OXIDOREDUCTASE,X-RAY DIFFRACTION
3kef,OXIDOREDUCTASE,X-RAY DIFFRACTION
8e10,TRANSFERASE,X-RAY DIFFRACTION
1wb4,HYDROLASE,X-RAY DIFFRACTION
7ybg,VIRAL PROTEIN,X-RAY DIFFRACTION
5qxp,HYDROLASE/HYDROLASE INHIBITOR,X-RAY DIFFRACTION
3mno,HORMONE RECEPTOR,X-RAY DIFFRACTION
2c27,SYNTHASE,X-RAY DIFFRACTION
5g67,OXIDOREDUCTASE,X-RAY DIFFRACTION
6nok,TRANSFERASE,X-RAY DIFFRACTION
1uo9,OXIDOREDUCTASE,X-RAY DIFFRACTION
6c6j,IMMUNE SYSTEM,X-RAY DIFFRACTION
7jrw,HYDROLASE,X-RAY DIFFRACTION
4wjm,TRANSFERASE,X-RAY DIFFRACTION
8jy9,SIGNALING PROTEIN,X-RAY DIFFRACTION
3gmo,IMMUNE SYSTEM,X-RAY DIFFRACTION
1y7w,LYASE,X-RAY DIFFRACTION
5fl4,LYASE,X-RAY DIFFRACTION
2y7f,LYASE,X-RAY DIFFRACTION
3a3z,GENE REGULATION,X-RAY DIFFRACTION
5oxo,TRANSPORT PROTEIN,X-RAY DIFFRACTION
6xo1,IMMUNE SYSTEM,X-RAY DIFFRACTION
3ims,HORMONE,X-RAY DIFFRACTION
5a89,TRANSFERASE,X-RAY DIFFRACTION
7wpw,LIPID BINDING PROTEIN,X-RAY DIFFRACTION
3fsy,TRANSFERASE,X-RAY DIFFRACTION
8pz4,MEMBRANE PROTEIN,X-RAY DIFFRACTION
2vsu,LYASE,X-RAY DIFFRACTION
8f0k,SIGNALING PROTEIN/IMMUNE SYSTEM,ELECTRON MICROSCOPY
4cav,TRANSFERASE,X-RAY DIFFRACTION
6ga5,MEMBRANE PROTEIN,X-RAY DIFFRACTION
8gst,HYDROLASE,X-RAY DIFFRACTION
5ac3,HYDROLASE,X-RAY DIFFRACTION
2v95,TRANSPORT PROTEIN,X-RAY DIFFRACTION
1h2b,OXIDOREDUCTASE,X-RAY DIFFRACTION
6loo,LYASE,X-RAY DIFFRACTION
4lgz,OXIDOREDUCTASE,X-RAY DIFFRACTION
1sqn,HORMONE/GROWTH FACTOR RECEPTOR,X-RAY DIFFRACTION
3qss,OXIDOREDUCTASE,X-RAY DIFFRACTION
4zsf,PROTEIN/DNA,X-RAY DIFFRACTION
1a8s,HALOPEROXIDASE,X-RAY DIFFRACTION
1ghe,TRANSFERASE,X-RAY DIFFRACTION
8olj,RNA BINDING PROTEIN,X-RAY DIFFRACTION
6sti,TRANSCRIPTION,X-RAY DIFFRACTION
1xg3,LYASE,X-RAY DIFFRACTION
6j2m,ISOMERASE,X-RAY DIFFRACTION
6bld,OXIDOREDUCTASE,X-RAY DIFFRACTION
3kns,HYDROLASE,X-RAY DIFFRACTION
5v40,TRANSFERASE/TRANSFERASE INHIBITOR,X-RAY DIFFRACTION
2eiy,TRANSFERASE,X-RAY DIFFRACTION
6gac,MEMBRANE PROTEIN,X-RAY DIFFRACTION
5wke,IMMUNE SYSTEM,X-RAY DIFFRACTION
3oob,ISOMERASE,X-RAY DIFFRACTION
5d2k,LYASE,X-RAY DIFFRACTION
5owe,DNA BINDING PROTEIN,X-RAY DIFFRACTION
1i12,TRANSFERASE,X-RAY DIFFRACTION
6t4k,GENE REGULATION,X-RAY DIFFRACTION
3wa4,SIGNALING PROTEIN,X-RAY DIFFRACTION
7ptf,DNA BINDING PROTEIN,X-RAY DIFFRACTION
4do4,HYDROLASE/HYDROLASE INHIBITOR,X-RAY DIFFRACTION
3has,TRANSPORT PROTEIN,X-RAY DIFFRACTION
6d1b,HYDROLASE/HYDROLASE inhibitor,X-RAY DIFFRACTION
3aba,OXIDOREDUCTASE/ANTIBIOTIC,X-RAY DIFFRACTION
7m6c,"TOXIN, HYDROLASE",X-RAY DIFFRACTION
3zx3,HYDROLASE,X-RAY DIFFRACTION
4j74,LIGASE/ANTAGONIST,X-RAY DIFFRACTION
3noj,LYASE,X-RAY DIFFRACTION
4clz,LYASE,X-RAY DIFFRACTION
2wuu,TRANSFERASE,X-RAY DIFFRACTION
1iup,HYDROLASE,X-RAY DIFFRACTION
6nx9,HYDROLASE,X-RAY DIFFRACTION
5l2m,OXIDOREDUCTASE/OXIDOREDUCTASE INIHBITOR,X-RAY DIFFRACTION
3v0r,UNKNOWN FUNCTION,X-RAY DIFFRACTION
1q0m,OXIDOREDUCTASE,X-RAY DIFFRACTION
4kvr,OXIDOREDUCTASE,X-RAY DIFFRACTION
4qdc,OXIDOREDUCTASE,X-RAY DIFFRACTION
4xeg,HYDROLASE/DNA,X-RAY DIFFRACTION
5v3y,TRANSFERASE/TRANSFERASE INHIBITOR,X-RAY DIFFRACTION
6z69,HYDROLASE,X-RAY DIFFRACTION
9bzq,HYDROLASE,X-RAY DIFFRACTION
7es0,TRANSFERASE,X-RAY DIFFRACTION
3r3x,HYDROLASE,X-RAY DIFFRACTION
1qmg,OXIDOREDUCTASE,X-RAY DIFFRACTION
3v0q,TRANSFERASE,X-RAY DIFFRACTION
6ga1,MEMBRANE PROTEIN,X-RAY DIFFRACTION
4wwz,OXIDOREDUCTASE,X-RAY DIFFRACTION
7o25,METAL BINDING PROTEIN,X-RAY DIFFRACTION
2hgw,TRANSFERASE,X-RAY DIFFRACTION
4tkj,LIPID BINDING PROTEIN,X-RAY DIFFRACTION
5a7r,HYDROLASE,X-RAY DIFFRACTION
2qo5,LIPID BINDING PROTEIN,X-RAY DIFFRACTION
6nxg,transferase/transferase inhibitor,X-RAY DIFFRACTION
1znk,TRANSPORT PROTEIN,X-RAY DIFFRACTION
4at2,OXIDOREDUCTASE,X-RAY DIFFRACTION
3bkr,LIPID BINDING PROTEIN,X-RAY DIFFRACTION
6zfg,PROTEIN BINDING,X-RAY DIFFRACTION
1dah,LIGASE,X-RAY DIFFRACTION
1x8v,OXIDOREDUCTASE,X-RAY DIFFRACTION
8pu1,ANTITOXIN,X-RAY DIFFRACTION
2apv,IMMUNE SYSTEM,X-RAY DIFFRACTION
7lcb,LIPID BINDING PROTEIN,X-RAY DIFFRACTION
4izs,HYDROLASE,X-RAY DIFFRACTION
6f2e,OXIDOREDUCTASE,X-RAY DIFFRACTION
5ktp,TRANSFERASE,X-RAY DIFFRACTION
1mx3,TRANSCRIPTION REPRESSOR,X-RAY DIFFRACTION
5dic,Odorant-binding protein,X-RAY DIFFRACTION
3qp8,TRANSCRIPTION,X-RAY DIFFRACTION
3dje,OXIDOREDUCTASE,X-RAY DIFFRACTION
6d6b,signaling protein/agonist,X-RAY DIFFRACTION
6w9l,HORMONE,X-RAY DIFFRACTION
4nqm,TRANSCRIPTION/INHIBITOR,X-RAY DIFFRACTION
5gwt,OXIDOREDUCTASE,X-RAY DIFFRACTION
6m8c,TRANSFERASE,X-RAY DIFFRACTION
4bs4,TRANSFERASE,X-RAY DIFFRACTION
5m0e,HYDROLASE,X-RAY DIFFRACTION
3ff7,Cell adhesion/Immune system,X-RAY DIFFRACTION
4mi6,transferase/transferase inhibitor,X-RAY DIFFRACTION
1eo4,hydrolase/DNA,X-RAY DIFFRACTION
3fg1,OXIDOREDUCTASE,X-RAY DIFFRACTION
7u55,MEMBRANE PROTEIN,X-RAY DIFFRACTION
5wiu,SIGNALING PROTEIN/ANTAGONIST,X-RAY DIFFRACTION
6lki,SIGNALING PROTEIN/TRANSFERASE,X-RAY DIFFRACTION
1a28,PROGESTERONE RECEPTOR,X-RAY DIFFRACTION
6lam,IMMUNE SYSTEM,X-RAY DIFFRACTION
3vml,OXIDOREDUCTASE,X-RAY DIFFRACTION
5nub,TRANSPORT PROTEIN,X-RAY DIFFRACTION
6ie9,TRANSCRIPTION,X-RAY DIFFRACTION
1o8v,LIPID BINDING PROTEIN,X-RAY DIFFRACTION
2djl,OXIDOREDUCTASE,X-RAY DIFFRACTION
4av5,CELL ADHESION,X-RAY DIFFRACTION
4knn,LYASE/LYASE INHIBITOR,X-RAY DIFFRACTION
4xc1,IMMUNE SYSTEM,X-RAY DIFFRACTION
5wk7,OXIDOREDUCTASE,X-RAY DIFFRACTION
1uk8,HYDROLASE,X-RAY DIFFRACTION
5yic,HYDROLASE,X-RAY DIFFRACTION
7ayb,OXIDOREDUCTASE,X-RAY DIFFRACTION
6m8b,TRANSFERASE/TRANSFERASE Inhibitor,X-RAY DIFFRACTION
6d15,HYDROLASE/HYDROLASE inhibitor,X-RAY DIFFRACTION
7e7f,OXIDOREDUCTASE,X-RAY DIFFRACTION
6j5y,HYDROLASE,X-RAY DIFFRACTION
7my0,TRANSFERASE,X-RAY DIFFRACTION
8glh,IMMUNE SYSTEM,X-RAY DIFFRACTION
3vc1,TRANSFERASE,X-RAY DIFFRACTION
1uae,TRANSFERASE,X-RAY DIFFRACTION
4mi9,transferase/transferase inhibitor,X-RAY DIFFRACTION
7tae,DNA BINDING PROTEIN,X-RAY DIFFRACTION
5h9n,TRANSPORT PROTEIN,X-RAY DIFFRACTION
6yiq,TRANSFERASE,X-RAY DIFFRACTION
1lhu,TRANSPORT PROTEIN,X-RAY DIFFRACTION
4mfk,TRANSFERASE,X-RAY DIFFRACTION
6iky,HYDROLASE,X-RAY DIFFRACTION
3b2k,LIPID BINDING PROTEIN,X-RAY DIFFRACTION
6vta,TRANSFERASE,X-RAY DIFFRACTION
1nww,HYDROLASE,X-RAY DIFFRACTION
5hya,MEMBRANE PROTEIN,X-RAY DIFFRACTION
3gad,CYTOKINE,X-RAY DIFFRACTION
7vq9,TRANSFERASE,X-RAY DIFFRACTION
